sim_time, my_robot/cart?world_linear_velocity/x_1
0.001, -6.16552e-11
0.002, 5.43675e-10
0.003, 1.25249e-09
0.004, 1.78901e-09
0.005, 1.97746e-09
0.006, 1.78768e-09
0.007, 1.40142e-09
0.008, 1.05949e-09
0.009, 7.90067e-10
0.01, 5.18769e-10
0.011, 2.92114e-10
0.012, 2.05007e-10
0.013, 1.9063e-10
0.014, 1.28873e-10
0.015, 5.10155e-11
0.016, 5.55269e-11
0.017, 9.22718e-11
0.018, 5.84702e-11
0.019, -3.40626e-12
0.02, 1.04077e-11
0.021, 5.41826e-11
0.022, 2.73656e-11
0.023, -2.75589e-11
0.024, -8.09688e-12
0.025, 4.0243e-11
0.026, 1.72122e-11
0.027, -3.46378e-11
0.028, -1.32211e-11
0.029, 3.64266e-11
0.03, 1.43725e-11
0.031, -3.66502e-11
0.032, -1.47742e-11
0.033, 3.52111e-11
0.034, 1.34243e-11
0.035, -3.72957e-11
0.036, -1.52788e-11
0.037, 3.48293e-11
0.038, 1.31291e-11
0.039, -3.7465e-11
0.04, -1.54162e-11
0.041, 3.47339e-11
0.042, 1.30491e-11
0.043, -3.74962e-11
0.044, -1.54526e-11
0.045, 3.47163e-11
0.046, 1.3028e-11
0.047, -3.74862e-11
0.048, -1.5451e-11
0.049, 3.47297e-11
0.05, 1.30339e-11
0.051, -3.74678e-11
0.052, -1.54375e-11
0.053, 3.47482e-11
0.054, 1.30446e-11
0.055, -3.74458e-11
0.056, -1.54233e-11
0.057, 3.47734e-11
0.058, 1.30631e-11
0.059, -3.74115e-11
0.06, -1.53993e-11
0.061, 3.48032e-11
0.062, 1.30874e-11
0.063, -3.73848e-11
0.064, -1.53778e-11
0.065, 3.48297e-11
0.066, 1.31092e-11
0.067, -3.7362e-11
0.068, -1.53554e-11
0.069, 3.48562e-11
0.07, 1.3132e-11
0.071, -3.73354e-11
0.072, -1.53322e-11
0.073, 3.48827e-11
0.074, 1.31553e-11
0.075, -3.73088e-11
0.076, -1.53086e-11
0.077, 3.4913e-11
0.078, 1.31829e-11
0.079, -3.72746e-11
0.08, -1.52806e-11
0.081, 3.49394e-11
0.082, 1.32111e-11
0.083, -3.72481e-11
0.084, -1.52522e-11
0.085, 3.49696e-11
0.086, 1.32281e-11
0.087, -3.72218e-11
0.088, -1.52313e-11
0.089, 3.49922e-11
0.09, 1.32568e-11
0.091, -3.72031e-11
0.092, -1.52102e-11
0.093, 3.50147e-11
0.094, 1.32779e-11
0.095, -3.71728e-11
0.096, -1.51851e-11
0.097, 3.50411e-11
0.098, 1.33032e-11
0.099, -3.71465e-11
0.1, -1.51636e-11
0.101, 3.50636e-11
0.102, 1.33285e-11
0.103, -3.7124e-11
0.104, -1.51382e-11
0.105, 3.50937e-11
0.106, 1.3354e-11
0.107, -3.70977e-11
0.108, -1.51052e-11
0.109, 3.51202e-11
0.11, 1.33795e-11
0.111, -3.70638e-11
0.112, -1.50835e-11
0.113, 3.51464e-11
0.114, 1.34089e-11
0.115, -3.70413e-11
0.116, -1.50541e-11
0.117, 3.51766e-11
0.118, 1.34307e-11
0.119, -3.70151e-11
0.12, -1.50284e-11
0.121, 3.52028e-11
0.122, 1.34562e-11
0.123, -3.69849e-11
0.124, -1.50027e-11
0.125, 3.52328e-11
0.126, 1.34857e-11
0.127, -3.69663e-11
0.128, -1.49771e-11
0.129, 3.52552e-11
0.13, 1.35076e-11
0.131, -3.69362e-11
0.132, -1.49552e-11
0.133, 3.52777e-11
0.134, 1.35371e-11
0.135, -3.69061e-11
0.136, -1.49257e-11
0.137, 3.53077e-11
0.138, 1.35589e-11
0.139, -3.68799e-11
0.14, -1.49039e-11
0.141, 3.53341e-11
0.142, 1.35923e-11
0.143, -3.68537e-11
0.144, -1.48706e-11
0.145, 3.53642e-11
0.146, 1.36142e-11
0.147, -3.68236e-11
0.148, -1.48487e-11
0.149, 3.53904e-11
0.15, 1.36398e-11
0.151, -3.68049e-11
0.152, -1.4823e-11
0.153, 3.54128e-11
0.154, 1.36617e-11
0.155, -3.67749e-11
0.156, -1.47934e-11
0.157, 3.54351e-11
0.158, 1.36874e-11
0.159, -3.67487e-11
0.16, -1.47753e-11
0.161, 3.54652e-11
0.162, 1.3717e-11
0.163, -3.67263e-11
0.164, -1.47495e-11
0.165, 3.54875e-11
0.166, 1.37428e-11
0.167, -3.67002e-11
0.168, -1.47237e-11
0.169, 3.55136e-11
0.17, 1.37686e-11
0.171, -3.66741e-11
0.172, -1.46941e-11
0.173, 3.55398e-11
0.174, 1.37906e-11
0.175, -3.6644e-11
0.176, -1.46683e-11
0.177, 3.55736e-11
0.178, 1.3824e-11
0.179, -3.66179e-11
0.18, -1.46427e-11
0.181, 3.55998e-11
0.182, 1.38497e-11
0.183, -3.65878e-11
0.184, -1.46132e-11
0.185, 3.56299e-11
0.186, 1.38715e-11
0.187, -3.65655e-11
0.188, -1.45875e-11
0.189, 3.56523e-11
0.19, 1.3901e-11
0.191, -3.65355e-11
0.192, -1.45579e-11
0.193, 3.56785e-11
0.194, 1.39268e-11
0.195, -3.65171e-11
0.196, -1.4536e-11
0.197, 3.57008e-11
0.198, 1.39526e-11
0.199, -3.64909e-11
0.2, -1.45179e-11
0.201, 3.5723e-11
0.202, 1.39746e-11
0.203, -3.64649e-11
0.204, -1.44921e-11
0.205, 3.57491e-11
0.206, 1.40003e-11
0.207, -3.64387e-11
0.208, -1.44663e-11
0.209, 3.57752e-11
0.21, 1.40261e-11
0.211, -3.64127e-11
0.212, -1.44406e-11
0.213, 3.58089e-11
0.214, 1.40556e-11
0.215, -3.63827e-11
0.216, -1.4411e-11
0.217, 3.5835e-11
0.218, 1.40775e-11
0.219, -3.63527e-11
0.22, -1.43853e-11
0.221, 3.58611e-11
0.222, 1.41032e-11
0.223, -3.63266e-11
0.224, -1.43596e-11
0.225, 3.58834e-11
0.226, 1.41289e-11
0.227, -3.63043e-11
0.228, -1.43263e-11
0.229, 3.59133e-11
0.23, 1.41545e-11
0.231, -3.62783e-11
0.232, -1.43082e-11
0.233, 3.59356e-11
0.234, 1.41803e-11
0.235, -3.6256e-11
0.236, -1.42863e-11
0.237, 3.59578e-11
0.238, 1.42022e-11
0.239, -3.62299e-11
0.24, -1.42606e-11
0.241, 3.59877e-11
0.242, 1.42279e-11
0.243, -3.62039e-11
0.244, -1.4231e-11
0.245, 3.60138e-11
0.246, 1.42576e-11
0.247, -3.61742e-11
0.248, -1.42015e-11
0.249, 3.60398e-11
0.25, 1.42872e-11
0.251, -3.61482e-11
0.252, -1.41795e-11
0.253, 3.60734e-11
0.254, 1.43091e-11
0.255, -3.61222e-11
0.256, -1.41538e-11
0.257, 3.60956e-11
0.258, 1.43348e-11
0.259, -3.60923e-11
0.26, -1.41204e-11
0.261, 3.61216e-11
0.262, 1.43643e-11
0.263, -3.6074e-11
0.264, -1.40986e-11
0.265, 3.61476e-11
0.266, 1.439e-11
0.267, -3.60442e-11
0.268, -1.40806e-11
0.269, 3.6166e-11
0.27, 1.4408e-11
0.271, -3.60219e-11
0.272, -1.40511e-11
0.273, 3.61958e-11
0.274, 1.44336e-11
0.275, -3.59959e-11
0.276, -1.40293e-11
0.277, 3.6218e-11
0.278, 1.44592e-11
0.279, -3.59699e-11
0.28, -1.40036e-11
0.281, 3.62517e-11
0.282, 1.44887e-11
0.283, -3.59401e-11
0.284, -1.39741e-11
0.285, 3.62776e-11
0.286, 1.45182e-11
0.287, -3.59102e-11
0.288, -1.39408e-11
0.289, 3.63036e-11
0.29, 1.45439e-11
0.291, -3.58843e-11
0.292, -1.39228e-11
0.293, 3.63334e-11
0.294, 1.45657e-11
0.295, -3.58621e-11
0.296, -1.38932e-11
0.297, 3.63517e-11
0.298, 1.45953e-11
0.299, -3.58362e-11
0.3, -1.38714e-11
0.301, 3.63776e-11
0.302, 1.46173e-11
0.303, -3.58103e-11
0.304, -1.38456e-11
0.305, 3.63997e-11
0.306, 1.4643e-11
0.307, -3.57844e-11
0.308, -1.38238e-11
0.309, 3.64255e-11
0.31, 1.46686e-11
0.311, -3.57623e-11
0.312, -1.37942e-11
0.313, 3.64553e-11
0.314, 1.46943e-11
0.315, -3.57326e-11
0.316, -1.37648e-11
0.317, 3.64851e-11
0.318, 1.47237e-11
0.319, -3.57066e-11
0.32, -1.37392e-11
0.321, 3.65149e-11
0.322, 1.47455e-11
0.323, -3.56769e-11
0.324, -1.37097e-11
0.325, 3.6537e-11
0.326, 1.47749e-11
0.327, -3.56509e-11
0.328, -1.3688e-11
0.329, 3.65629e-11
0.33, 1.47967e-11
0.331, -3.56288e-11
0.332, -1.36624e-11
0.333, 3.65927e-11
0.334, 1.48261e-11
0.335, -3.56029e-11
0.336, -1.36406e-11
0.337, 3.66071e-11
0.338, 1.48479e-11
0.339, -3.55769e-11
0.34, -1.36187e-11
0.341, 3.66368e-11
0.342, 1.48736e-11
0.343, -3.55511e-11
0.344, -1.35892e-11
0.345, 3.66628e-11
0.346, 1.48993e-11
0.347, -3.55252e-11
0.348, -1.35636e-11
0.349, 3.66887e-11
0.35, 1.49287e-11
0.351, -3.54954e-11
0.352, -1.3538e-11
0.353, 3.67145e-11
0.354, 1.49545e-11
0.355, -3.54697e-11
0.356, -1.35084e-11
0.357, 3.67441e-11
0.358, 1.49763e-11
0.359, -3.54476e-11
0.36, -1.34789e-11
0.361, 3.677e-11
0.362, 1.50058e-11
0.363, -3.5418e-11
0.364, -1.34609e-11
0.365, 3.67958e-11
0.366, 1.50315e-11
0.367, -3.53998e-11
0.368, -1.34352e-11
0.369, 3.68216e-11
0.37, 1.50533e-11
0.371, -3.53741e-11
0.372, -1.34134e-11
0.373, 3.68435e-11
0.374, 1.50789e-11
0.375, -3.53444e-11
0.376, -1.33839e-11
0.377, 3.68694e-11
0.378, 1.51084e-11
0.379, -3.53186e-11
0.38, -1.33583e-11
0.381, 3.68951e-11
0.382, 1.5134e-11
0.383, -3.5289e-11
0.384, -1.33328e-11
0.385, 3.69249e-11
0.386, 1.51595e-11
0.387, -3.52631e-11
0.388, -1.32996e-11
0.389, 3.69546e-11
0.39, 1.51851e-11
0.391, -3.52373e-11
0.392, -1.32741e-11
0.393, 3.69765e-11
0.394, 1.52106e-11
0.395, -3.52076e-11
0.396, -1.32523e-11
0.397, 3.70024e-11
0.398, 1.52362e-11
0.399, -3.51894e-11
0.4, -1.32268e-11
0.401, 3.70282e-11
0.402, 1.52579e-11
0.403, -3.51674e-11
0.404, -1.3205e-11
0.405, 3.70502e-11
0.406, 1.52796e-11
0.407, -3.51378e-11
0.408, -1.31794e-11
0.409, 3.70799e-11
0.41, 1.5309e-11
0.411, -3.5112e-11
0.412, -1.315e-11
0.413, 3.71018e-11
0.414, 1.53385e-11
0.415, -3.50824e-11
0.416, -1.31283e-11
0.417, 3.71314e-11
0.418, 1.5364e-11
0.419, -3.50604e-11
0.42, -1.30988e-11
0.421, 3.71572e-11
0.422, 1.53896e-11
0.423, -3.5027e-11
0.424, -1.30694e-11
0.425, 3.71906e-11
0.426, 1.54153e-11
0.427, -3.50051e-11
0.428, -1.30438e-11
0.429, 3.72087e-11
0.43, 1.54447e-11
0.431, -3.49755e-11
0.432, -1.30182e-11
0.433, 3.72344e-11
0.434, 1.54665e-11
0.435, -3.49536e-11
0.436, -1.29964e-11
0.437, 3.72601e-11
0.438, 1.54883e-11
0.439, -3.49357e-11
0.44, -1.29747e-11
0.441, 3.72859e-11
0.442, 1.5514e-11
0.443, -3.491e-11
0.444, -1.29491e-11
0.445, 3.73039e-11
0.446, 1.55394e-11
0.447, -3.48803e-11
0.448, -1.29196e-11
0.449, 3.73334e-11
0.45, 1.55689e-11
0.451, -3.48547e-11
0.452, -1.28979e-11
0.453, 3.73591e-11
0.454, 1.55983e-11
0.455, -3.4829e-11
0.456, -1.28723e-11
0.457, 3.73886e-11
0.458, 1.56161e-11
0.459, -3.47994e-11
0.46, -1.2843e-11
0.461, 3.74181e-11
0.462, 1.56416e-11
0.463, -3.47738e-11
0.464, -1.28175e-11
0.465, 3.74399e-11
0.466, 1.5671e-11
0.467, -3.47442e-11
0.468, -1.27919e-11
0.469, 3.74656e-11
0.47, 1.57003e-11
0.471, -3.47262e-11
0.472, -1.27665e-11
0.473, 3.74875e-11
0.474, 1.57181e-11
0.475, -3.47043e-11
0.476, -1.27448e-11
0.477, 3.75133e-11
0.478, 1.57436e-11
0.479, -3.46786e-11
0.48, -1.27193e-11
0.481, 3.75427e-11
0.482, 1.57691e-11
0.483, -3.46491e-11
0.484, -1.269e-11
0.485, 3.75684e-11
0.486, 1.57984e-11
0.487, -3.46196e-11
0.488, -1.26684e-11
0.489, 3.75942e-11
0.49, 1.58239e-11
0.491, -3.45938e-11
0.492, -1.26352e-11
0.493, 3.76236e-11
0.494, 1.58494e-11
0.495, -3.45682e-11
0.496, -1.26097e-11
0.497, 3.76532e-11
0.498, 1.58749e-11
0.499, -3.45425e-11
0.5, -1.2588e-11
0.501, 3.7675e-11
0.502, 1.59004e-11
0.503, -3.45169e-11
0.504, -1.25587e-11
0.505, 3.76968e-11
0.506, 1.59259e-11
0.507, -3.44951e-11
0.508, -1.25408e-11
0.509, 3.77225e-11
0.51, 1.59476e-11
0.511, -3.44694e-11
0.512, -1.25153e-11
0.513, 3.77404e-11
0.514, 1.59731e-11
0.515, -3.44476e-11
0.516, -1.24936e-11
0.517, 3.77699e-11
0.518, 1.59986e-11
0.519, -3.44181e-11
0.52, -1.24605e-11
0.521, 3.77994e-11
0.522, 1.60279e-11
0.523, -3.43925e-11
0.524, -1.2435e-11
0.525, 3.78289e-11
0.526, 1.60534e-11
0.527, -3.43593e-11
0.528, -1.24057e-11
0.529, 3.78544e-11
0.53, 1.60827e-11
0.531, -3.43374e-11
0.532, -1.23802e-11
0.533, 3.78838e-11
0.534, 1.61083e-11
0.535, -3.43081e-11
0.536, -1.23508e-11
0.537, 3.79056e-11
0.538, 1.61299e-11
0.539, -3.42863e-11
0.54, -1.23292e-11
0.541, 3.79273e-11
0.542, 1.61554e-11
0.543, -3.42646e-11
0.544, -1.23113e-11
0.545, 3.79491e-11
0.546, 1.61809e-11
0.547, -3.4239e-11
0.548, -1.22897e-11
0.549, 3.79747e-11
0.55, 1.62026e-11
0.551, -3.42173e-11
0.552, -1.22604e-11
0.553, 3.8004e-11
0.554, 1.6228e-11
0.555, -3.41841e-11
0.556, -1.22311e-11
0.557, 3.80258e-11
0.558, 1.62574e-11
0.559, -3.41624e-11
0.56, -1.22094e-11
0.561, 3.80551e-11
0.562, 1.6279e-11
0.563, -3.41368e-11
0.564, -1.21802e-11
0.565, 3.80844e-11
0.566, 1.63082e-11
0.567, -3.41075e-11
0.568, -1.21547e-11
0.569, 3.811e-11
0.57, 1.63336e-11
0.571, -3.40819e-11
0.572, -1.21255e-11
0.573, 3.81355e-11
0.574, 1.63591e-11
0.575, -3.40564e-11
0.576, -1.21077e-11
0.577, 3.81572e-11
0.578, 1.63845e-11
0.579, -3.40347e-11
0.58, -1.20823e-11
0.581, 3.81828e-11
0.582, 1.64061e-11
0.583, -3.40092e-11
0.584, -1.20608e-11
0.585, 3.82044e-11
0.586, 1.64276e-11
0.587, -3.39836e-11
0.588, -1.20277e-11
0.589, 3.82376e-11
0.59, 1.64645e-11
0.591, -3.39543e-11
0.592, -1.20062e-11
0.593, 3.82593e-11
0.594, 1.6486e-11
0.595, -3.39288e-11
0.596, -1.19731e-11
0.597, 3.82887e-11
0.598, 1.65153e-11
0.599, -3.39071e-11
0.6, -1.19516e-11
0.601, 3.83141e-11
0.602, 1.65368e-11
0.603, -3.38778e-11
0.604, -1.19262e-11
0.605, 3.83397e-11
0.606, 1.65622e-11
0.607, -3.38523e-11
0.608, -1.1897e-11
0.609, 3.83614e-11
0.61, 1.65913e-11
0.611, -3.38267e-11
0.612, -1.18755e-11
0.613, 3.8383e-11
0.614, 1.66091e-11
0.615, -3.3805e-11
0.616, -1.18578e-11
0.617, 3.84086e-11
0.618, 1.66306e-11
0.619, -3.37795e-11
0.62, -1.18286e-11
0.621, 3.84341e-11
0.622, 1.66636e-11
0.623, -3.37578e-11
0.624, -1.18032e-11
0.625, 3.84634e-11
0.626, 1.6689e-11
0.627, -3.37286e-11
0.628, -1.1774e-11
0.629, 3.84889e-11
0.63, 1.67144e-11
0.631, -3.36954e-11
0.632, -1.17447e-11
0.633, 3.85182e-11
0.634, 1.67398e-11
0.635, -3.36738e-11
0.636, -1.17194e-11
0.637, 3.85437e-11
0.638, 1.6769e-11
0.639, -3.36483e-11
0.64, -1.1694e-11
0.641, 3.85653e-11
0.642, 1.67905e-11
0.643, -3.36228e-11
0.644, -1.16686e-11
0.645, 3.85946e-11
0.646, 1.68159e-11
0.647, -3.36012e-11
0.648, -1.16548e-11
0.649, 3.86124e-11
0.65, 1.68374e-11
0.651, -3.35796e-11
0.652, -1.16294e-11
0.653, 3.8634e-11
0.654, 1.6859e-11
0.655, -3.35503e-11
0.656, -1.16002e-11
0.657, 3.86633e-11
0.658, 1.68882e-11
0.659, -3.35249e-11
0.66, -1.1571e-11
0.661, 3.86926e-11
0.662, 1.69173e-11
0.663, -3.34918e-11
0.664, -1.15418e-11
0.665, 3.87218e-11
0.666, 1.69427e-11
0.667, -3.34702e-11
0.668, -1.15165e-11
0.669, 3.87472e-11
0.67, 1.6968e-11
0.671, -3.34409e-11
0.672, -1.14873e-11
0.673, 3.87765e-11
0.674, 1.69972e-11
0.675, -3.34155e-11
0.676, -1.14658e-11
0.677, 3.87981e-11
0.678, 1.70187e-11
0.679, -3.33901e-11
0.68, -1.14443e-11
0.681, 3.88197e-11
0.682, 1.7044e-11
0.683, -3.33724e-11
0.684, -1.14228e-11
0.685, 3.88412e-11
0.686, 1.70656e-11
0.687, -3.3347e-11
0.688, -1.14013e-11
0.689, 3.88666e-11
0.69, 1.70909e-11
0.691, -3.33254e-11
0.692, -1.13683e-11
0.693, 3.88958e-11
0.694, 1.71239e-11
0.695, -3.32962e-11
0.696, -1.1343e-11
0.697, 3.89212e-11
0.698, 1.71453e-11
0.699, -3.32632e-11
0.7, -1.13177e-11
0.701, 3.89504e-11
0.702, 1.71707e-11
0.703, -3.32417e-11
0.704, -1.12885e-11
0.705, 3.89757e-11
0.706, 1.7196e-11
0.707, -3.32163e-11
0.708, -1.12632e-11
0.709, 3.90011e-11
0.71, 1.72213e-11
0.711, -3.31871e-11
0.712, -1.12379e-11
0.713, 3.90264e-11
0.714, 1.72466e-11
0.715, -3.31657e-11
0.716, -1.12164e-11
0.717, 3.90441e-11
0.718, 1.72719e-11
0.719, -3.3148e-11
0.72, -1.11989e-11
0.721, 3.90657e-11
0.722, 1.72895e-11
0.723, -3.31189e-11
0.724, -1.11736e-11
0.725, 3.90948e-11
0.726, 1.73187e-11
0.727, -3.30936e-11
0.728, -1.11407e-11
0.729, 3.91239e-11
0.73, 1.73477e-11
0.731, -3.30644e-11
0.732, -1.11154e-11
0.733, 3.91492e-11
0.734, 1.73768e-11
0.735, -3.30391e-11
0.736, -1.10863e-11
0.737, 3.91783e-11
0.738, 1.73982e-11
0.739, -3.301e-11
0.74, -1.10611e-11
0.741, 3.92075e-11
0.742, 1.74273e-11
0.743, -3.29847e-11
0.744, -1.10321e-11
0.745, 3.92289e-11
0.746, 1.74487e-11
0.747, -3.29633e-11
0.748, -1.10107e-11
0.749, 3.92504e-11
0.75, 1.74739e-11
0.751, -3.29417e-11
0.752, -1.0993e-11
0.753, 3.92718e-11
0.754, 1.74991e-11
0.755, -3.29203e-11
0.756, -1.09678e-11
0.757, 3.92971e-11
0.758, 1.75243e-11
0.759, -3.2895e-11
0.76, -1.09427e-11
0.761, 3.93224e-11
0.762, 1.75458e-11
0.763, -3.28621e-11
0.764, -1.09175e-11
0.765, 3.93476e-11
0.766, 1.7571e-11
0.767, -3.28369e-11
0.768, -1.08884e-11
0.769, 3.93767e-11
0.77, 1.75999e-11
0.771, -3.28077e-11
0.772, -1.08632e-11
0.773, 3.94019e-11
0.774, 1.76213e-11
0.775, -3.27863e-11
0.776, -1.0838e-11
0.777, 3.9431e-11
0.778, 1.76465e-11
0.779, -3.27611e-11
0.78, -1.08128e-11
0.781, 3.94563e-11
0.782, 1.76716e-11
0.783, -3.27358e-11
0.784, -1.07876e-11
0.785, 3.94776e-11
0.786, 1.77007e-11
0.787, -3.27106e-11
0.788, -1.07663e-11
0.789, 3.9499e-11
0.79, 1.7722e-11
0.791, -3.26853e-11
0.792, -1.07411e-11
0.793, 3.95242e-11
0.794, 1.77472e-11
0.795, -3.26601e-11
0.796, -1.07159e-11
0.797, 3.95495e-11
0.798, 1.77723e-11
0.799, -3.26388e-11
0.8, -1.0687e-11
0.801, 3.95786e-11
0.802, 1.78013e-11
0.803, -3.26097e-11
0.804, -1.06618e-11
0.805, 3.96076e-11
0.806, 1.78303e-11
0.807, -3.25806e-11
0.808, -1.06329e-11
0.809, 3.96329e-11
0.81, 1.78517e-11
0.811, -3.25555e-11
0.812, -1.06078e-11
0.813, 3.96581e-11
0.814, 1.78768e-11
0.815, -3.25341e-11
0.816, -1.05865e-11
0.817, 3.96795e-11
0.818, 1.79019e-11
0.819, -3.25049e-11
0.82, -1.05574e-11
0.821, 3.97046e-11
0.822, 1.7927e-11
0.823, -3.24874e-11
0.824, -1.05438e-11
0.825, 3.97222e-11
0.826, 1.79445e-11
0.827, -3.24622e-11
0.828, -1.05148e-11
0.829, 3.97512e-11
0.83, 1.79773e-11
0.831, -3.24371e-11
0.832, -1.04858e-11
0.833, 3.97764e-11
0.834, 1.80024e-11
0.835, -3.2408e-11
0.836, -1.04569e-11
0.837, 3.98093e-11
0.838, 1.80313e-11
0.839, -3.23828e-11
0.84, -1.04318e-11
0.841, 3.98344e-11
0.842, 1.80526e-11
0.843, -3.23576e-11
0.844, -1.04105e-11
0.845, 3.98558e-11
0.846, 1.80777e-11
0.847, -3.23325e-11
0.848, -1.03854e-11
0.849, 3.98848e-11
0.85, 1.81028e-11
0.851, -3.23073e-11
0.852, -1.03603e-11
0.853, 3.99061e-11
0.854, 1.8128e-11
0.855, -3.22822e-11
0.856, -1.03314e-11
0.857, 3.99352e-11
0.858, 1.81569e-11
0.859, -3.22608e-11
0.86, -1.03139e-11
0.861, 3.99565e-11
0.862, 1.81743e-11
0.863, -3.22395e-11
0.864, -1.0285e-11
0.865, 3.99817e-11
0.866, 1.81995e-11
0.867, -3.22106e-11
0.868, -1.02638e-11
0.869, 4.0003e-11
0.87, 1.82246e-11
0.871, -3.21854e-11
0.872, -1.02387e-11
0.873, 4.00282e-11
0.874, 1.82573e-11
0.875, -3.21565e-11
0.876, -1.02059e-11
0.877, 4.00609e-11
0.878, 1.82785e-11
0.879, -3.21351e-11
0.88, -1.01846e-11
0.881, 4.0086e-11
0.882, 1.82998e-11
0.883, -3.21062e-11
0.884, -1.01595e-11
0.885, 4.01112e-11
0.886, 1.83287e-11
0.887, -3.20811e-11
0.888, -1.01345e-11
0.889, 4.01324e-11
0.89, 1.83576e-11
0.891, -3.2056e-11
0.892, -1.01094e-11
0.893, 4.01575e-11
0.894, 1.8375e-11
0.895, -3.20385e-11
0.896, -1.00882e-11
0.897, 4.01789e-11
0.898, 1.84001e-11
0.899, -3.20096e-11
0.9, -1.00632e-11
0.901, 4.0204e-11
0.902, 1.84213e-11
0.903, -3.19883e-11
0.904, -1.00381e-11
0.905, 4.02252e-11
0.906, 1.84541e-11
0.907, -3.19594e-11
0.908, -1.00092e-11
0.909, 4.02541e-11
0.91, 1.8479e-11
0.911, -3.19305e-11
0.912, -9.98412e-12
0.913, 4.02868e-11
0.914, 1.85002e-11
0.915, -3.19092e-11
0.916, -9.95907e-12
0.917, 4.03081e-11
0.918, 1.85291e-11
0.919, -3.18842e-11
0.92, -9.93404e-12
0.921, 4.0337e-11
0.922, 1.85541e-11
0.923, -3.18514e-11
0.924, -9.90519e-12
0.925, 4.0362e-11
0.926, 1.85792e-11
0.927, -3.18264e-11
0.928, -9.88017e-12
0.929, 4.03832e-11
0.93, 1.86042e-11
0.931, -3.1809e-11
0.932, -9.85904e-12
0.933, 4.04084e-11
0.934, 1.86254e-11
0.935, -3.1784e-11
0.936, -9.83787e-12
0.937, 4.04296e-11
0.938, 1.86543e-11
0.939, -3.17589e-11
0.94, -9.80904e-12
0.941, 4.04546e-11
0.942, 1.86793e-11
0.943, -3.17301e-11
0.944, -9.78788e-12
0.945, 4.04834e-11
0.946, 1.8708e-11
0.947, -3.1705e-11
0.948, -9.75899e-12
0.949, 4.05122e-11
0.95, 1.8733e-11
0.951, -3.168e-11
0.952, -9.73017e-12
0.953, 4.05372e-11
0.954, 1.87579e-11
0.955, -3.16549e-11
0.956, -9.70895e-12
0.957, 4.05622e-11
0.958, 1.87829e-11
0.959, -3.16261e-11
0.96, -9.68015e-12
0.961, 4.05872e-11
0.962, 1.8804e-11
0.963, -3.16049e-11
0.964, -9.65907e-12
0.965, 4.06046e-11
0.966, 1.88252e-11
0.967, -3.15838e-11
0.968, -9.63794e-12
0.969, 4.06334e-11
0.97, 1.88502e-11
0.971, -3.15627e-11
0.972, -9.61688e-12
0.973, 4.06547e-11
0.974, 1.88752e-11
0.975, -3.15339e-11
0.976, -9.5881e-12
0.977, 4.06796e-11
0.978, 1.8904e-11
0.979, -3.15089e-11
0.98, -9.55933e-12
0.981, 4.07084e-11
0.982, 1.89289e-11
0.983, -3.14801e-11
0.984, -9.53439e-12
0.985, 4.07334e-11
0.986, 1.89539e-11
0.987, -3.14551e-11
0.988, -9.50562e-12
0.989, 4.07622e-11
0.99, 1.89787e-11
0.991, -3.14263e-11
0.992, -9.48447e-12
0.993, 4.0787e-11
0.994, 1.90075e-11
0.995, -3.14013e-11
0.996, -9.45571e-12
0.997, 4.0812e-11
0.998, 1.90285e-11
0.999, -3.1384e-11
1, -9.43839e-12
1.001, 4.08293e-11
1.002, 1.90534e-11
1.003, -3.1359e-11
1.004, -9.41348e-12
1.005, 4.0858e-11
1.006, 1.90783e-11
1.007, -3.13341e-11
1.008, -9.38865e-12
1.009, 4.08792e-11
1.01, 1.91033e-11
1.011, -3.13093e-11
1.012, -9.36375e-12
1.013, 4.09079e-11
1.014, 1.91283e-11
1.015, -3.12806e-11
1.016, -9.33498e-12
1.017, 4.09328e-11
1.018, 1.9157e-11
1.019, -3.12557e-11
1.02, -9.31017e-12
1.021, 4.09578e-11
1.022, 1.91742e-11
1.023, -3.12308e-11
1.024, -9.28529e-12
1.025, 4.09827e-11
1.026, 1.92029e-11
1.027, -3.12059e-11
1.028, -9.2566e-12
1.029, 4.10114e-11
1.03, 1.92278e-11
1.031, -3.11772e-11
1.032, -9.22791e-12
1.033, 4.10324e-11
1.034, 1.92565e-11
1.035, -3.11562e-11
1.036, -9.21072e-12
1.037, 4.10573e-11
1.038, 1.92775e-11
1.039, -3.11313e-11
1.04, -9.18587e-12
1.041, 4.10822e-11
1.042, 1.93023e-11
1.043, -3.11102e-11
1.044, -9.1648e-12
1.045, 4.11031e-11
1.046, 1.93233e-11
1.047, -3.10853e-11
1.048, -9.13612e-12
1.049, 4.11356e-11
1.05, 1.93519e-11
1.051, -3.10527e-11
1.052, -9.11125e-12
1.053, 4.11566e-11
1.054, 1.93806e-11
1.055, -3.10318e-11
1.056, -9.08254e-12
1.057, 4.11852e-11
1.058, 1.94016e-11
1.059, -3.1007e-11
1.06, -9.05772e-12
1.061, 4.12101e-11
1.062, 1.94302e-11
1.063, -3.09821e-11
1.064, -9.03299e-12
1.065, 4.12311e-11
1.066, 1.94512e-11
1.067, -3.09574e-11
1.068, -9.00819e-12
1.069, 4.12559e-11
1.07, 1.9476e-11
1.071, -3.09364e-11
1.072, -8.99491e-12
1.073, 4.12731e-11
1.074, 1.9497e-11
1.075, -3.09154e-11
1.076, -8.96635e-12
1.077, 4.13018e-11
1.078, 1.95218e-11
1.079, -3.08868e-11
1.08, -8.94159e-12
1.081, 4.13266e-11
1.082, 1.95504e-11
1.083, -3.08582e-11
1.084, -8.91299e-12
1.085, 4.13552e-11
1.086, 1.95752e-11
1.087, -3.08335e-11
1.088, -8.8844e-12
1.089, 4.13838e-11
1.09, 1.95999e-11
1.091, -3.08087e-11
1.092, -8.86348e-12
1.093, 4.14047e-11
1.094, 1.96285e-11
1.095, -3.07839e-11
1.096, -8.83489e-12
1.097, 4.14333e-11
1.098, 1.96456e-11
1.099, -3.07592e-11
1.1, -8.81015e-12
1.101, 4.1458e-11
1.102, 1.9678e-11
1.103, -3.07305e-11
1.104, -8.78915e-12
1.105, 4.14789e-11
1.106, 1.97027e-11
1.107, -3.07135e-11
1.108, -8.76441e-12
1.109, 4.14998e-11
1.11, 1.97198e-11
1.111, -3.06887e-11
1.112, -8.73969e-12
1.113, 4.15283e-11
1.114, 1.97444e-11
1.115, -3.06639e-11
1.116, -8.71876e-12
1.117, 4.15492e-11
1.118, 1.9773e-11
1.119, -3.06392e-11
1.12, -8.69022e-12
1.121, 4.15739e-11
1.122, 1.97977e-11
1.123, -3.06107e-11
1.124, -8.6617e-12
1.125, 4.16024e-11
1.126, 1.98262e-11
1.127, -3.0586e-11
1.128, -8.64092e-12
1.129, 4.16311e-11
1.13, 1.98509e-11
1.131, -3.05614e-11
1.132, -8.61241e-12
1.133, 4.16557e-11
1.134, 1.98756e-11
1.135, -3.05367e-11
1.136, -8.58774e-12
1.137, 4.16804e-11
1.138, 1.98964e-11
1.139, -3.05082e-11
1.14, -8.56697e-12
1.141, 4.17014e-11
1.142, 1.99212e-11
1.143, -3.04912e-11
1.144, -8.54231e-12
1.145, 4.17222e-11
1.146, 1.9942e-11
1.147, -3.04703e-11
1.148, -8.52149e-12
1.149, 4.17469e-11
1.15, 1.99705e-11
1.151, -3.04418e-11
1.152, -8.49686e-12
1.153, 4.17715e-11
