sim_time, my_robot/cart?world_linear_acceleration/x_1
0.001, -6.06006e-08
0.002, 6.02599e-07
0.003, 7.10673e-07
0.004, 5.37932e-07
0.005, 1.86919e-07
0.006, -1.91448e-07
0.007, -3.84684e-07
0.008, -3.40286e-07
0.009, -2.71008e-07
0.01, -2.72932e-07
0.011, -2.25079e-07
0.012, -8.54753e-08
0.013, -1.5951e-08
0.014, -6.3385e-08
0.015, -7.62862e-08
0.016, 6.13787e-09
0.017, 3.51739e-08
0.018, -3.5426e-08
0.019, -6.03071e-08
0.02, 1.54378e-08
0.021, 4.22056e-08
0.022, -2.84399e-08
0.023, -5.33559e-08
0.024, 2.10847e-08
0.025, 4.67712e-08
0.026, -2.4653e-08
0.027, -5.02817e-08
0.028, 2.30389e-08
0.029, 4.80793e-08
0.03, -2.3676e-08
0.031, -4.94545e-08
0.032, 2.34979e-08
0.033, 4.84171e-08
0.034, -2.34086e-08
0.035, -4.91519e-08
0.036, 2.36387e-08
0.037, 4.854e-08
0.038, -2.33219e-08
0.039, -4.90259e-08
0.04, 2.36704e-08
0.041, 4.8582e-08
0.042, -2.33065e-08
0.043, -4.89772e-08
0.044, 2.36652e-08
0.045, 4.86009e-08
0.046, -2.331e-08
0.047, -4.89461e-08
0.048, 2.36568e-08
0.049, 4.86127e-08
0.05, -2.33176e-08
0.051, -4.89335e-08
0.052, 2.36518e-08
0.053, 4.86177e-08
0.054, -2.33253e-08
0.055, -4.89222e-08
0.056, 2.3644e-08
0.057, 4.86287e-08
0.058, -2.33321e-08
0.059, -4.89063e-08
0.06, 2.36338e-08
0.061, 4.86345e-08
0.062, -2.33377e-08
0.063, -4.89039e-08
0.064, 2.36285e-08
0.065, 4.86395e-08
0.066, -2.33422e-08
0.067, -4.8903e-08
0.068, 2.36281e-08
0.069, 4.86436e-08
0.07, -2.3346e-08
0.071, -4.88991e-08
0.072, 2.36247e-08
0.073, 4.86469e-08
0.074, -2.33492e-08
0.075, -4.88959e-08
0.076, 2.36218e-08
0.077, 4.86536e-08
0.078, -2.33518e-08
0.079, -4.88893e-08
0.08, 2.36155e-08
0.081, 4.8652e-08
0.082, -2.33501e-08
0.083, -4.8891e-08
0.084, 2.36174e-08
0.085, 4.86539e-08
0.086, -2.33633e-08
0.087, -4.88816e-08
0.088, 2.3612e-08
0.089, 4.86555e-08
0.09, -2.33572e-08
0.091, -4.88916e-08
0.092, 2.36144e-08
0.093, 4.8657e-08
0.094, -2.33586e-08
0.095, -4.88825e-08
0.096, 2.36092e-08
0.097, 4.86582e-08
0.098, -2.33597e-08
0.099, -4.88814e-08
0.1, 2.36044e-08
0.101, 4.86593e-08
0.102, -2.33569e-08
0.103, -4.88842e-08
0.104, 2.36073e-08
0.105, 4.8664e-08
0.106, -2.33616e-08
0.107, -4.88834e-08
0.108, 2.36141e-08
0.109, 4.86573e-08
0.11, -2.33624e-08
0.111, -4.88751e-08
0.112, 2.36018e-08
0.113, 4.8662e-08
0.114, -2.33594e-08
0.115, -4.88819e-08
0.116, 2.36088e-08
0.117, 4.86627e-08
0.118, -2.33677e-08
0.119, -4.88775e-08
0.12, 2.36082e-08
0.121, 4.86632e-08
0.122, -2.33683e-08
0.123, -4.88729e-08
0.124, 2.36037e-08
0.125, 4.86676e-08
0.126, -2.33689e-08
0.127, -4.88838e-08
0.128, 2.36108e-08
0.129, 4.86643e-08
0.13, -2.33694e-08
0.131, -4.88756e-08
0.132, 2.36026e-08
0.133, 4.86648e-08
0.134, -2.33623e-08
0.135, -4.8875e-08
0.136, 2.3602e-08
0.137, 4.86654e-08
0.138, -2.33706e-08
0.139, -4.88706e-08
0.14, 2.35976e-08
0.141, 4.867e-08
0.142, -2.33635e-08
0.143, -4.88778e-08
0.144, 2.36047e-08
0.145, 4.86667e-08
0.146, -2.33717e-08
0.147, -4.88696e-08
0.148, 2.35965e-08
0.149, 4.86711e-08
0.15, -2.33723e-08
0.151, -4.88765e-08
0.152, 2.36035e-08
0.153, 4.86677e-08
0.154, -2.33729e-08
0.155, -4.88684e-08
0.156, 2.36031e-08
0.157, 4.86605e-08
0.158, -2.33694e-08
0.159, -4.8868e-08
0.16, 2.35949e-08
0.161, 4.86726e-08
0.162, -2.337e-08
0.163, -4.88751e-08
0.164, 2.35984e-08
0.165, 4.8669e-08
0.166, -2.33664e-08
0.167, -4.88748e-08
0.168, 2.3598e-08
0.169, 4.86693e-08
0.17, -2.33667e-08
0.171, -4.88745e-08
0.172, 2.36015e-08
0.173, 4.86659e-08
0.174, -2.3371e-08
0.175, -4.88664e-08
0.176, 2.35973e-08
0.177, 4.86739e-08
0.178, -2.33714e-08
0.179, -4.88737e-08
0.18, 2.35968e-08
0.181, 4.86744e-08
0.182, -2.33719e-08
0.183, -4.88693e-08
0.184, 2.35962e-08
0.185, 4.86751e-08
0.186, -2.33802e-08
0.187, -4.88688e-08
0.188, 2.35996e-08
0.189, 4.86717e-08
0.19, -2.3373e-08
0.191, -4.88684e-08
0.192, 2.35992e-08
0.193, 4.86683e-08
0.194, -2.33734e-08
0.195, -4.88757e-08
0.196, 2.36027e-08
0.197, 4.86687e-08
0.198, -2.33699e-08
0.199, -4.88754e-08
0.2, 2.35946e-08
0.201, 4.86729e-08
0.202, -2.33702e-08
0.203, -4.88713e-08
0.204, 2.35943e-08
0.205, 4.86732e-08
0.206, -2.33705e-08
0.207, -4.88708e-08
0.208, 2.3594e-08
0.209, 4.86735e-08
0.21, -2.33708e-08
0.211, -4.88706e-08
0.212, 2.35937e-08
0.213, 4.86814e-08
0.214, -2.3375e-08
0.215, -4.88702e-08
0.216, 2.35933e-08
0.217, 4.86779e-08
0.218, -2.33792e-08
0.219, -4.88621e-08
0.22, 2.35891e-08
0.221, 4.86783e-08
0.222, -2.33796e-08
0.223, -4.88617e-08
0.224, 2.35886e-08
0.225, 4.86749e-08
0.226, -2.33762e-08
0.227, -4.8865e-08
0.228, 2.35997e-08
0.229, 4.86715e-08
0.23, -2.33805e-08
0.231, -4.88646e-08
0.232, 2.35917e-08
0.233, 4.86757e-08
0.234, -2.3377e-08
0.235, -4.88681e-08
0.236, 2.35913e-08
0.237, 4.86761e-08
0.238, -2.33774e-08
0.239, -4.88639e-08
0.24, 2.3591e-08
0.241, 4.86802e-08
0.242, -2.33815e-08
0.243, -4.88637e-08
0.244, 2.35945e-08
0.245, 4.86767e-08
0.246, -2.33779e-08
0.247, -4.88636e-08
0.248, 2.35944e-08
0.249, 4.86731e-08
0.25, -2.33743e-08
0.251, -4.88672e-08
0.252, 2.35903e-08
0.253, 4.86849e-08
0.254, -2.3386e-08
0.255, -4.88632e-08
0.256, 2.35901e-08
0.257, 4.86813e-08
0.258, -2.33824e-08
0.259, -4.8859e-08
0.26, 2.35936e-08
0.261, 4.86739e-08
0.262, -2.33789e-08
0.263, -4.88702e-08
0.264, 2.35971e-08
0.265, 4.86781e-08
0.266, -2.33793e-08
0.267, -4.88661e-08
0.268, 2.35852e-08
0.269, 4.86785e-08
0.27, -2.33797e-08
0.271, -4.88618e-08
0.272, 2.35925e-08
0.273, 4.86789e-08
0.274, -2.33839e-08
0.275, -4.88614e-08
0.276, 2.35882e-08
0.277, 4.86792e-08
0.278, -2.33805e-08
0.279, -4.88609e-08
0.28, 2.35879e-08
0.281, 4.86872e-08
0.282, -2.33846e-08
0.283, -4.88606e-08
0.284, 2.35876e-08
0.285, 4.86837e-08
0.286, -2.33811e-08
0.287, -4.88603e-08
0.288, 2.35911e-08
0.289, 4.86763e-08
0.29, -2.33814e-08
0.291, -4.886e-08
0.292, 2.35832e-08
0.293, 4.86881e-08
0.294, -2.33894e-08
0.295, -4.88597e-08
0.296, 2.35905e-08
0.297, 4.86768e-08
0.298, -2.33781e-08
0.299, -4.88634e-08
0.3, 2.35865e-08
0.301, 4.86809e-08
0.302, -2.3382e-08
0.303, -4.88595e-08
0.304, 2.35864e-08
0.305, 4.86772e-08
0.306, -2.33784e-08
0.307, -4.88593e-08
0.308, 2.35824e-08
0.309, 4.86812e-08
0.31, -2.33786e-08
0.311, -4.88628e-08
0.312, 2.35897e-08
0.313, 4.86815e-08
0.314, -2.33827e-08
0.315, -4.88587e-08
0.316, 2.35895e-08
0.317, 4.86817e-08
0.318, -2.3383e-08
0.319, -4.88623e-08
0.32, 2.35891e-08
0.321, 4.86859e-08
0.322, -2.3391e-08
0.323, -4.88544e-08
0.324, 2.35888e-08
0.325, 4.86786e-08
0.326, -2.33837e-08
0.327, -4.88577e-08
0.328, 2.35846e-08
0.329, 4.86828e-08
0.33, -2.33879e-08
0.331, -4.88574e-08
0.332, 2.35881e-08
0.333, 4.8687e-08
0.334, -2.33883e-08
0.335, -4.88609e-08
0.336, 2.3584e-08
0.337, 4.86796e-08
0.338, -2.33808e-08
0.339, -4.88568e-08
0.34, 2.35799e-08
0.341, 4.86874e-08
0.342, -2.33849e-08
0.343, -4.88566e-08
0.344, 2.35835e-08
0.345, 4.86839e-08
0.346, -2.33852e-08
0.347, -4.88563e-08
0.348, 2.35833e-08
0.349, 4.86841e-08
0.35, -2.33816e-08
0.351, -4.88561e-08
0.352, 2.35792e-08
0.353, 4.86843e-08
0.354, -2.33817e-08
0.355, -4.88561e-08
0.356, 2.35829e-08
0.357, 4.86844e-08
0.358, -2.33895e-08
0.359, -4.88558e-08
0.36, 2.35904e-08
0.361, 4.86807e-08
0.362, -2.33858e-08
0.363, -4.88557e-08
0.364, 2.35788e-08
0.365, 4.86886e-08
0.366, -2.3386e-08
0.367, -4.88632e-08
0.368, 2.35863e-08
0.369, 4.86886e-08
0.37, -2.33899e-08
0.371, -4.88593e-08
0.372, 2.35824e-08
0.373, 4.86888e-08
0.374, -2.33862e-08
0.375, -4.88552e-08
0.376, 2.35821e-08
0.377, 4.86852e-08
0.378, -2.33826e-08
0.379, -4.88588e-08
0.38, 2.3582e-08
0.381, 4.86853e-08
0.382, -2.33828e-08
0.383, -4.88548e-08
0.384, 2.35778e-08
0.385, 4.86895e-08
0.386, -2.3387e-08
0.387, -4.88545e-08
0.388, 2.35852e-08
0.389, 4.8686e-08
0.39, -2.33911e-08
0.391, -4.88543e-08
0.392, 2.35849e-08
0.393, 4.86824e-08
0.394, -2.33876e-08
0.395, -4.88501e-08
0.396, 2.35769e-08
0.397, 4.86865e-08
0.398, -2.33878e-08
0.399, -4.88575e-08
0.4, 2.35844e-08
0.401, 4.86868e-08
0.402, -2.33919e-08
0.403, -4.88572e-08
0.404, 2.35841e-08
0.405, 4.86871e-08
0.406, -2.33922e-08
0.407, -4.88493e-08
0.408, 2.358e-08
0.409, 4.86912e-08
0.41, -2.33925e-08
0.411, -4.8853e-08
0.412, 2.35837e-08
0.413, 4.86836e-08
0.414, -2.33849e-08
0.415, -4.88528e-08
0.416, 2.35758e-08
0.417, 4.86915e-08
0.418, -2.3389e-08
0.419, -4.88564e-08
0.42, 2.35833e-08
0.421, 4.86878e-08
0.422, -2.33892e-08
0.423, -4.88485e-08
0.424, 2.35793e-08
0.425, 4.86918e-08
0.426, -2.3397e-08
0.427, -4.88523e-08
0.428, 2.3583e-08
0.429, 4.86843e-08
0.43, -2.33856e-08
0.431, -4.88521e-08
0.432, 2.3579e-08
0.433, 4.86844e-08
0.434, -2.33895e-08
0.435, -4.8852e-08
0.436, 2.35789e-08
0.437, 4.86884e-08
0.438, -2.33934e-08
0.439, -4.8856e-08
0.44, 2.35827e-08
0.441, 4.86924e-08
0.442, -2.33935e-08
0.443, -4.88559e-08
0.444, 2.35826e-08
0.445, 4.86848e-08
0.446, -2.33861e-08
0.447, -4.88517e-08
0.448, 2.35824e-08
0.449, 4.86848e-08
0.45, -2.33861e-08
0.451, -4.88555e-08
0.452, 2.35785e-08
0.453, 4.86888e-08
0.454, -2.33824e-08
0.455, -4.88592e-08
0.456, 2.35784e-08
0.457, 4.86927e-08
0.458, -2.33941e-08
0.459, -4.88475e-08
0.46, 2.35782e-08
0.461, 4.86929e-08
0.462, -2.33981e-08
0.463, -4.88473e-08
0.464, 2.3578e-08
0.465, 4.86892e-08
0.466, -2.33906e-08
0.467, -4.88471e-08
0.468, 2.3574e-08
0.469, 4.86894e-08
0.47, -2.33869e-08
0.471, -4.88585e-08
0.472, 2.35815e-08
0.473, 4.86858e-08
0.474, -2.3391e-08
0.475, -4.88544e-08
0.476, 2.35812e-08
0.477, 4.86899e-08
0.478, -2.33913e-08
0.479, -4.88542e-08
0.48, 2.3581e-08
0.481, 4.86939e-08
0.482, -2.33952e-08
0.483, -4.88501e-08
0.484, 2.35808e-08
0.485, 4.86903e-08
0.486, -2.33916e-08
0.487, -4.88499e-08
0.488, 2.35729e-08
0.489, 4.86944e-08
0.49, -2.33919e-08
0.491, -4.88496e-08
0.492, 2.35803e-08
0.493, 4.86907e-08
0.494, -2.33959e-08
0.495, -4.88496e-08
0.496, 2.35803e-08
0.497, 4.86947e-08
0.498, -2.33999e-08
0.499, -4.88494e-08
0.5, 2.35762e-08
0.501, 4.86948e-08
0.502, -2.33962e-08
0.503, -4.88493e-08
0.504, 2.358e-08
0.505, 4.86873e-08
0.506, -2.33925e-08
0.507, -4.8853e-08
0.508, 2.3576e-08
0.509, 4.86951e-08
0.51, -2.33965e-08
0.511, -4.8849e-08
0.512, 2.35758e-08
0.513, 4.86875e-08
0.514, -2.33889e-08
0.515, -4.88527e-08
0.516, 2.35757e-08
0.517, 4.86954e-08
0.518, -2.33929e-08
0.519, -4.88487e-08
0.52, 2.35794e-08
0.521, 4.86917e-08
0.522, -2.3393e-08
0.523, -4.88524e-08
0.524, 2.35793e-08
0.525, 4.86957e-08
0.526, -2.3397e-08
0.527, -4.88446e-08
0.528, 2.35753e-08
0.529, 4.86919e-08
0.53, -2.33933e-08
0.531, -4.88521e-08
0.532, 2.3579e-08
0.533, 4.86958e-08
0.534, -2.33971e-08
0.535, -4.88483e-08
0.536, 2.3579e-08
0.537, 4.86883e-08
0.538, -2.33973e-08
0.539, -4.88481e-08
0.54, 2.35788e-08
0.541, 4.86883e-08
0.542, -2.33935e-08
0.543, -4.8852e-08
0.544, 2.3575e-08
0.545, 4.86923e-08
0.546, -2.33898e-08
0.547, -4.88519e-08
0.548, 2.3571e-08
0.549, 4.86962e-08
0.55, -2.33937e-08
0.551, -4.88518e-08
0.552, 2.35786e-08
0.553, 4.86962e-08
0.554, -2.33976e-08
0.555, -4.88441e-08
0.556, 2.35747e-08
0.557, 4.86887e-08
0.558, -2.339e-08
0.559, -4.88517e-08
0.56, 2.35747e-08
0.561, 4.86964e-08
0.562, -2.33977e-08
0.563, -4.88477e-08
0.564, 2.35784e-08
0.565, 4.86964e-08
0.566, -2.33978e-08
0.567, -4.88477e-08
0.568, 2.35745e-08
0.569, 4.86966e-08
0.57, -2.3398e-08
0.571, -4.88476e-08
0.572, 2.35782e-08
0.573, 4.86928e-08
0.574, -2.3398e-08
0.575, -4.88474e-08
0.576, 2.35704e-08
0.577, 4.86968e-08
0.578, -2.33943e-08
0.579, -4.88512e-08
0.58, 2.35741e-08
0.581, 4.86969e-08
0.582, -2.33983e-08
0.583, -4.88472e-08
0.584, 2.35702e-08
0.585, 4.8697e-08
0.586, -2.33984e-08
0.587, -4.88432e-08
0.588, 2.35777e-08
0.589, 4.86971e-08
0.59, -2.33946e-08
0.591, -4.88508e-08
0.592, 2.35699e-08
0.593, 4.86973e-08
0.594, -2.33949e-08
0.595, -4.88468e-08
0.596, 2.35774e-08
0.597, 4.86936e-08
0.598, -2.3395e-08
0.599, -4.88543e-08
0.6, 2.35773e-08
0.601, 4.86975e-08
0.602, -2.33989e-08
0.603, -4.88466e-08
0.604, 2.35733e-08
0.605, 4.86977e-08
0.606, -2.33991e-08
0.607, -4.88464e-08
0.608, 2.3577e-08
0.609, 4.86902e-08
0.61, -2.33916e-08
0.611, -4.885e-08
0.612, 2.35729e-08
0.613, 4.86903e-08
0.614, -2.33956e-08
0.615, -4.88461e-08
0.616, 2.3569e-08
0.617, 4.86982e-08
0.618, -2.33995e-08
0.619, -4.88422e-08
0.62, 2.35727e-08
0.621, 4.86945e-08
0.622, -2.3392e-08
0.623, -4.88534e-08
0.624, 2.35764e-08
0.625, 4.86984e-08
0.626, -2.3396e-08
0.627, -4.88496e-08
0.628, 2.35763e-08
0.629, 4.86946e-08
0.63, -2.3396e-08
0.631, -4.88418e-08
0.632, 2.35724e-08
0.633, 4.86948e-08
0.634, -2.34e-08
0.635, -4.88456e-08
0.636, 2.35762e-08
0.637, 4.86948e-08
0.638, -2.33963e-08
0.639, -4.88493e-08
0.64, 2.35761e-08
0.641, 4.86911e-08
0.642, -2.33963e-08
0.643, -4.88454e-08
0.644, 2.3576e-08
0.645, 4.8695e-08
0.646, -2.34003e-08
0.647, -4.88491e-08
0.648, 2.35682e-08
0.649, 4.8699e-08
0.65, -2.33965e-08
0.651, -4.88491e-08
0.652, 2.3572e-08
0.653, 4.86952e-08
0.654, -2.33966e-08
0.655, -4.88412e-08
0.656, 2.35719e-08
0.657, 4.86952e-08
0.658, -2.33967e-08
0.659, -4.8845e-08
0.66, 2.35756e-08
0.661, 4.86954e-08
0.662, -2.33968e-08
0.663, -4.88411e-08
0.664, 2.35717e-08
0.665, 4.86955e-08
0.666, -2.34007e-08
0.667, -4.88448e-08
0.668, 2.35754e-08
0.669, 4.86955e-08
0.67, -2.34008e-08
0.671, -4.88409e-08
0.672, 2.35754e-08
0.673, 4.86956e-08
0.674, -2.34009e-08
0.675, -4.88447e-08
0.676, 2.35715e-08
0.677, 4.86957e-08
0.678, -2.3401e-08
0.679, -4.88408e-08
0.68, 2.35676e-08
0.681, 4.86958e-08
0.682, -2.33972e-08
0.683, -4.88484e-08
0.684, 2.35713e-08
0.685, 4.86958e-08
0.686, -2.33972e-08
0.687, -4.88445e-08
0.688, 2.35675e-08
0.689, 4.86996e-08
0.69, -2.33972e-08
0.691, -4.88483e-08
0.692, 2.35789e-08
0.693, 4.86959e-08
0.694, -2.33935e-08
0.695, -4.88521e-08
0.696, 2.3575e-08
0.697, 4.8696e-08
0.698, -2.33974e-08
0.699, -4.88405e-08
0.7, 2.35673e-08
0.701, 4.86998e-08
0.702, -2.34012e-08
0.703, -4.88443e-08
0.704, 2.35749e-08
0.705, 4.8696e-08
0.706, -2.34013e-08
0.707, -4.88443e-08
0.708, 2.35749e-08
0.709, 4.86961e-08
0.71, -2.34014e-08
0.711, -4.88404e-08
0.712, 2.3571e-08
0.713, 4.86961e-08
0.714, -2.34014e-08
0.715, -4.88443e-08
0.716, 2.3571e-08
0.717, 4.86923e-08
0.718, -2.33938e-08
0.719, -4.88519e-08
0.72, 2.35709e-08
0.721, 4.86963e-08
0.722, -2.33977e-08
0.723, -4.88404e-08
0.724, 2.3567e-08
0.725, 4.87002e-08
0.726, -2.33976e-08
0.727, -4.88443e-08
0.728, 2.35747e-08
0.729, 4.86963e-08
0.73, -2.33978e-08
0.731, -4.88441e-08
0.732, 2.35708e-08
0.733, 4.86963e-08
0.734, -2.3394e-08
0.735, -4.88479e-08
0.736, 2.35746e-08
0.737, 4.86964e-08
0.738, -2.34017e-08
0.739, -4.88401e-08
0.74, 2.35706e-08
0.741, 4.87004e-08
0.742, -2.34017e-08
0.743, -4.8844e-08
0.744, 2.35744e-08
0.745, 4.86927e-08
0.746, -2.34017e-08
0.747, -4.8844e-08
0.748, 2.35744e-08
0.749, 4.86928e-08
0.75, -2.3398e-08
0.751, -4.88476e-08
0.752, 2.35705e-08
0.753, 4.86966e-08
0.754, -2.33942e-08
0.755, -4.88514e-08
0.756, 2.35743e-08
0.757, 4.86966e-08
0.758, -2.33943e-08
0.759, -4.88514e-08
0.76, 2.35742e-08
0.761, 4.86968e-08
0.762, -2.33982e-08
0.763, -4.88399e-08
0.764, 2.35664e-08
0.765, 4.86969e-08
0.766, -2.33982e-08
0.767, -4.88398e-08
0.768, 2.35702e-08
0.769, 4.86969e-08
0.77, -2.33984e-08
0.771, -4.88396e-08
0.772, 2.35663e-08
0.773, 4.86969e-08
0.774, -2.34022e-08
0.775, -4.88396e-08
0.776, 2.35701e-08
0.777, 4.87008e-08
0.778, -2.34061e-08
0.779, -4.88395e-08
0.78, 2.35701e-08
0.781, 4.87008e-08
0.782, -2.34062e-08
0.783, -4.88394e-08
0.784, 2.35699e-08
0.785, 4.8697e-08
0.786, -2.33985e-08
0.787, -4.88432e-08
0.788, 2.35661e-08
0.789, 4.86971e-08
0.79, -2.33986e-08
0.791, -4.88393e-08
0.792, 2.3566e-08
0.793, 4.86971e-08
0.794, -2.33986e-08
0.795, -4.88393e-08
0.796, 2.3566e-08
0.797, 4.86972e-08
0.798, -2.33987e-08
0.799, -4.88431e-08
0.8, 2.35736e-08
0.801, 4.86974e-08
0.802, -2.33989e-08
0.803, -4.8843e-08
0.804, 2.35696e-08
0.805, 4.87012e-08
0.806, -2.33989e-08
0.807, -4.88429e-08
0.808, 2.35695e-08
0.809, 4.86976e-08
0.81, -2.34028e-08
0.811, -4.88391e-08
0.812, 2.35695e-08
0.813, 4.86976e-08
0.814, -2.34029e-08
0.815, -4.88429e-08
0.816, 2.35694e-08
0.817, 4.86978e-08
0.818, -2.33992e-08
0.819, -4.88388e-08
0.82, 2.35693e-08
0.821, 4.86938e-08
0.822, -2.33992e-08
0.823, -4.88464e-08
0.824, 2.35654e-08
0.825, 4.86978e-08
0.826, -2.33993e-08
0.827, -4.88387e-08
0.828, 2.35692e-08
0.829, 4.86978e-08
0.83, -2.33955e-08
0.831, -4.88464e-08
0.832, 2.3573e-08
0.833, 4.8694e-08
0.834, -2.33955e-08
0.835, -4.88424e-08
0.836, 2.35729e-08
0.837, 4.8698e-08
0.838, -2.33995e-08
0.839, -4.88461e-08
0.84, 2.35728e-08
0.841, 4.8698e-08
0.842, -2.34034e-08
0.843, -4.88422e-08
0.844, 2.35689e-08
0.845, 4.86981e-08
0.846, -2.33996e-08
0.847, -4.88422e-08
0.848, 2.35688e-08
0.849, 4.87019e-08
0.85, -2.34035e-08
0.851, -4.88422e-08
0.852, 2.35688e-08
0.853, 4.86982e-08
0.854, -2.33997e-08
0.855, -4.88421e-08
0.856, 2.35726e-08
0.857, 4.86983e-08
0.858, -2.33999e-08
0.859, -4.88497e-08
0.86, 2.35686e-08
0.861, 4.87022e-08
0.862, -2.34037e-08
0.863, -4.88458e-08
0.864, 2.35762e-08
0.865, 4.86985e-08
0.866, -2.34038e-08
0.867, -4.88421e-08
0.868, 2.35686e-08
0.869, 4.86986e-08
0.87, -2.34e-08
0.871, -4.8842e-08
0.872, 2.35685e-08
0.873, 4.86986e-08
0.874, -2.33923e-08
0.875, -4.88458e-08
0.876, 2.35723e-08
0.877, 4.86986e-08
0.878, -2.3404e-08
0.879, -4.88456e-08
0.88, 2.35723e-08
0.881, 4.87024e-08
0.882, -2.34078e-08
0.883, -4.88379e-08
0.884, 2.35684e-08
0.885, 4.87025e-08
0.886, -2.3404e-08
0.887, -4.88417e-08
0.888, 2.35684e-08
0.889, 4.86986e-08
0.89, -2.33964e-08
0.891, -4.88456e-08
0.892, 2.35684e-08
0.893, 4.86987e-08
0.894, -2.34041e-08
0.895, -4.88455e-08
0.896, 2.35721e-08
0.897, 4.86989e-08
0.898, -2.34003e-08
0.899, -4.88417e-08
0.9, 2.35682e-08
0.901, 4.86989e-08
0.902, -2.34042e-08
0.903, -4.88417e-08
0.904, 2.3572e-08
0.905, 4.86951e-08
0.906, -2.33927e-08
0.907, -4.88455e-08
0.908, 2.3572e-08
0.909, 4.86951e-08
0.91, -2.33966e-08
0.911, -4.88415e-08
0.912, 2.35681e-08
0.913, 4.87027e-08
0.914, -2.34081e-08
0.915, -4.88415e-08
0.916, 2.35719e-08
0.917, 4.86989e-08
0.918, -2.34005e-08
0.919, -4.88453e-08
0.92, 2.35719e-08
0.921, 4.87028e-08
0.922, -2.34044e-08
0.923, -4.88376e-08
0.924, 2.3568e-08
0.925, 4.8699e-08
0.926, -2.34044e-08
0.927, -4.88375e-08
0.928, 2.3568e-08
0.929, 4.86952e-08
0.93, -2.34006e-08
0.931, -4.88452e-08
0.932, 2.35718e-08
0.933, 4.86992e-08
0.934, -2.34045e-08
0.935, -4.88414e-08
0.936, 2.35679e-08
0.937, 4.86992e-08
0.938, -2.33968e-08
0.939, -4.88452e-08
0.94, 2.35717e-08
0.941, 4.86954e-08
0.942, -2.33969e-08
0.943, -4.88414e-08
0.944, 2.3564e-08
0.945, 4.87031e-08
0.946, -2.33969e-08
0.947, -4.8845e-08
0.948, 2.35678e-08
0.949, 4.8703e-08
0.95, -2.34007e-08
0.951, -4.8845e-08
0.952, 2.35716e-08
0.953, 4.86991e-08
0.954, -2.34008e-08
0.955, -4.88448e-08
0.956, 2.35677e-08
0.957, 4.87029e-08
0.958, -2.34008e-08
0.959, -4.8841e-08
0.96, 2.35677e-08
0.961, 4.86991e-08
0.962, -2.34047e-08
0.963, -4.88409e-08
0.964, 2.35676e-08
0.965, 4.86954e-08
0.966, -2.34009e-08
0.967, -4.88411e-08
0.968, 2.35677e-08
0.969, 4.87031e-08
0.97, -2.34048e-08
0.971, -4.88449e-08
0.972, 2.35676e-08
0.973, 4.87033e-08
0.974, -2.3401e-08
0.975, -4.88411e-08
0.976, 2.35676e-08
0.977, 4.86995e-08
0.978, -2.33972e-08
0.979, -4.88449e-08
0.98, 2.35714e-08
0.981, 4.86995e-08
0.982, -2.3401e-08
0.983, -4.88411e-08
0.984, 2.35675e-08
0.985, 4.86996e-08
0.986, -2.3401e-08
0.987, -4.88411e-08
0.988, 2.35713e-08
0.989, 4.86996e-08
0.99, -2.3405e-08
0.991, -4.8837e-08
0.992, 2.35636e-08
0.993, 4.87033e-08
0.994, -2.34011e-08
0.995, -4.88409e-08
0.996, 2.35674e-08
0.997, 4.86995e-08
0.998, -2.3405e-08
0.999, -4.88445e-08
1, 2.35674e-08
1.001, 4.86994e-08
1.002, -2.33973e-08
1.003, -4.88445e-08
1.004, 2.35674e-08
1.005, 4.87033e-08
1.006, -2.34012e-08
1.007, -4.88445e-08
1.008, 2.35673e-08
1.009, 4.86996e-08
1.01, -2.33974e-08
1.011, -4.88446e-08
1.012, 2.35673e-08
1.013, 4.87034e-08
1.014, -2.34012e-08
1.015, -4.88409e-08
1.016, 2.35674e-08
1.017, 4.86995e-08
1.018, -2.33974e-08
1.019, -4.88447e-08
1.02, 2.35673e-08
1.021, 4.86997e-08
1.022, -2.34051e-08
1.023, -4.88371e-08
1.024, 2.35673e-08
1.025, 4.86997e-08
1.026, -2.34012e-08
1.027, -4.88409e-08
1.028, 2.35711e-08
1.029, 4.86997e-08
1.03, -2.34051e-08
1.031, -4.8837e-08
1.032, 2.35711e-08
1.033, 4.86921e-08
1.034, -2.33974e-08
1.035, -4.88447e-08
1.036, 2.35672e-08
1.037, 4.86998e-08
1.038, -2.34013e-08
1.039, -4.88408e-08
1.04, 2.35672e-08
1.041, 4.86998e-08
1.042, -2.34014e-08
1.043, -4.88445e-08
1.044, 2.35672e-08
1.045, 4.86997e-08
1.046, -2.34013e-08
1.047, -4.88406e-08
1.048, 2.3571e-08
1.049, 4.87035e-08
1.05, -2.34053e-08
1.051, -4.88366e-08
1.052, 2.35633e-08
1.053, 4.86996e-08
1.054, -2.33975e-08
1.055, -4.88444e-08
1.056, 2.3571e-08
1.057, 4.86995e-08
1.058, -2.34052e-08
1.059, -4.88405e-08
1.06, 2.3571e-08
1.061, 4.86995e-08
1.062, -2.34014e-08
1.063, -4.88444e-08
1.064, 2.35709e-08
1.065, 4.86959e-08
1.066, -2.34014e-08
1.067, -4.88407e-08
1.068, 2.3571e-08
1.069, 4.86959e-08
1.07, -2.34014e-08
1.071, -4.88445e-08
1.072, 2.35633e-08
1.073, 4.86997e-08
1.074, -2.33976e-08
1.075, -4.88445e-08
1.076, 2.35709e-08
1.077, 4.86999e-08
1.078, -2.34015e-08
1.079, -4.88407e-08
1.08, 2.3567e-08
1.081, 4.86999e-08
1.082, -2.33977e-08
1.083, -4.88407e-08
1.084, 2.3567e-08
1.085, 4.86999e-08
1.086, -2.34015e-08
1.087, -4.88407e-08
1.088, 2.35708e-08
1.089, 4.86999e-08
1.09, -2.34054e-08
1.091, -4.88407e-08
1.092, 2.3567e-08
1.093, 4.87e-08
1.094, -2.33977e-08
1.095, -4.88445e-08
1.096, 2.35708e-08
1.097, 4.87e-08
1.098, -2.34092e-08
1.099, -4.88368e-08
1.1, 2.35708e-08
1.101, 4.86999e-08
1.102, -2.34016e-08
1.103, -4.88406e-08
1.104, 2.35632e-08
1.105, 4.86998e-08
1.106, -2.33977e-08
1.107, -4.88482e-08
1.108, 2.35709e-08
1.109, 4.86959e-08
1.11, -2.34015e-08
1.111, -4.88405e-08
1.112, 2.35708e-08
1.113, 4.86998e-08
1.114, -2.34054e-08
1.115, -4.88404e-08
1.116, 2.3567e-08
1.117, 4.86997e-08
1.118, -2.33978e-08
1.119, -4.88442e-08
1.12, 2.35708e-08
1.121, 4.86959e-08
1.122, -2.33978e-08
1.123, -4.88403e-08
1.124, 2.35708e-08
1.125, 4.86959e-08
1.126, -2.33978e-08
1.127, -4.88442e-08
1.128, 2.35668e-08
1.129, 4.87037e-08
1.13, -2.34017e-08
1.131, -4.88443e-08
1.132, 2.35708e-08
1.133, 4.86999e-08
1.134, -2.34017e-08
1.135, -4.88443e-08
1.136, 2.35707e-08
1.137, 4.86999e-08
1.138, -2.34055e-08
1.139, -4.88366e-08
1.14, 2.3563e-08
1.141, 4.87001e-08
1.142, -2.34017e-08
1.143, -4.88443e-08
1.144, 2.35706e-08
1.145, 4.86963e-08
1.146, -2.34017e-08
1.147, -4.88443e-08
1.148, 2.35706e-08
1.149, 4.87001e-08
1.15, -2.33979e-08
1.151, -4.88443e-08
1.152, 2.35668e-08
1.153, 4.87001e-08
