sim_time, my_robot/rail_cart_joint?0/position_1
0.001, -1.41911e-11
0.002, 5.02509e-12
0.003, 1.92602e-12
0.004, -1.81257e-11
0.005, -1.63292e-11
0.006, 7.05369e-12
0.007, 8.10507e-12
0.008, -1.26879e-11
0.009, -1.15792e-11
0.01, 1.05556e-11
0.011, 1.04585e-11
0.012, -1.10214e-11
0.013, -1.05151e-11
0.014, 1.11609e-11
0.015, 1.08247e-11
0.016, -1.07401e-11
0.017, -1.03171e-11
0.018, 1.12621e-11
0.019, 1.08735e-11
0.02, -1.07037e-11
0.021, -1.0308e-11
0.022, 1.12321e-11
0.023, 1.0822e-11
0.024, -1.07561e-11
0.025, -1.0367e-11
0.026, 1.1162e-11
0.027, 1.07478e-11
0.028, -1.08253e-11
0.029, -1.04345e-11
0.03, 1.10933e-11
0.031, 1.06799e-11
0.032, -1.08884e-11
0.033, -1.04954e-11
0.034, 1.10338e-11
0.035, 1.06224e-11
0.036, -1.09421e-11
0.037, -1.05467e-11
0.038, 1.0985e-11
0.039, 1.05753e-11
0.04, -1.09863e-11
0.041, -1.05886e-11
0.042, 1.0945e-11
0.043, 1.05371e-11
0.044, -1.10223e-11
0.045, -1.06233e-11
0.046, 1.09119e-11
0.047, 1.05054e-11
0.048, -1.10523e-11
0.049, -1.06515e-11
0.05, 1.08853e-11
0.051, 1.04798e-11
0.052, -1.10763e-11
0.053, -1.06748e-11
0.054, 1.08633e-11
0.055, 1.04585e-11
0.056, -1.10965e-11
0.057, -1.06941e-11
0.058, 1.08449e-11
0.059, 1.0441e-11
0.06, -1.11133e-11
0.061, -1.07105e-11
0.062, 1.08293e-11
0.063, 1.04263e-11
0.064, -1.11273e-11
0.065, -1.07239e-11
0.066, 1.08162e-11
0.067, 1.04137e-11
0.068, -1.11395e-11
0.069, -1.07356e-11
0.07, 1.08049e-11
0.071, 1.04026e-11
0.072, -1.115e-11
0.073, -1.07461e-11
0.074, 1.07949e-11
0.075, 1.03928e-11
0.076, -1.11593e-11
0.077, -1.07552e-11
0.078, 1.07863e-11
0.079, 1.03841e-11
0.08, -1.11677e-11
0.081, -1.07634e-11
0.082, 1.07785e-11
0.083, 1.03766e-11
0.084, -1.11751e-11
0.085, -1.07703e-11
0.086, 1.07716e-11
0.087, 1.03697e-11
0.088, -1.11815e-11
0.089, -1.07767e-11
0.09, 1.07656e-11
0.091, 1.03637e-11
0.092, -1.11875e-11
0.093, -1.07827e-11
0.094, 1.07598e-11
0.095, 1.03582e-11
0.096, -1.11928e-11
0.097, -1.07878e-11
0.098, 1.07547e-11
0.099, 1.03533e-11
0.1, -1.11977e-11
0.101, -1.07927e-11
0.102, 1.07501e-11
0.103, 1.03486e-11
0.104, -1.12022e-11
0.105, -1.07971e-11
0.106, 1.07456e-11
0.107, 1.03442e-11
0.108, -1.12066e-11
0.109, -1.08016e-11
0.11, 1.07412e-11
0.111, 1.03397e-11
0.112, -1.1211e-11
0.113, -1.0806e-11
0.114, 1.0737e-11
0.115, 1.03355e-11
0.116, -1.1215e-11
0.117, -1.08098e-11
0.118, 1.07332e-11
0.119, 1.03317e-11
0.12, -1.12186e-11
0.121, -1.08134e-11
0.122, 1.07296e-11
0.123, 1.03282e-11
0.124, -1.12221e-11
0.125, -1.08169e-11
0.126, 1.07261e-11
0.127, 1.03249e-11
0.128, -1.12255e-11
0.129, -1.08202e-11
0.13, 1.0723e-11
0.131, 1.0322e-11
0.132, -1.12284e-11
0.133, -1.08233e-11
0.134, 1.07199e-11
0.135, 1.03189e-11
0.136, -1.12315e-11
0.137, -1.08265e-11
0.138, 1.07168e-11
0.139, 1.03155e-11
0.14, -1.12346e-11
0.141, -1.08296e-11
0.142, 1.07137e-11
0.143, 1.03124e-11
0.144, -1.12377e-11
0.145, -1.08327e-11
0.146, 1.07105e-11
0.147, 1.03093e-11
0.148, -1.12408e-11
0.149, -1.08356e-11
0.15, 1.07077e-11
0.151, 1.03064e-11
0.152, -1.12437e-11
0.153, -1.08384e-11
0.154, 1.0705e-11
0.155, 1.03038e-11
0.156, -1.12463e-11
0.157, -1.08409e-11
0.158, 1.07025e-11
0.159, 1.03013e-11
0.16, -1.12488e-11
0.161, -1.08433e-11
0.162, 1.07003e-11
0.163, 1.02991e-11
0.164, -1.12508e-11
0.165, -1.08453e-11
0.166, 1.06983e-11
0.167, 1.02973e-11
0.168, -1.12526e-11
0.169, -1.08471e-11
0.17, 1.06966e-11
0.171, 1.02955e-11
0.172, -1.12543e-11
0.173, -1.08491e-11
0.174, 1.06946e-11
0.175, 1.02935e-11
0.176, -1.12563e-11
0.177, -1.08511e-11
0.178, 1.06926e-11
0.179, 1.02913e-11
0.18, -1.12585e-11
0.181, -1.08533e-11
0.182, 1.06903e-11
0.183, 1.02891e-11
0.184, -1.12608e-11
0.185, -1.08553e-11
0.186, 1.06883e-11
0.187, 1.02871e-11
0.188, -1.12628e-11
0.189, -1.08573e-11
0.19, 1.06866e-11
0.191, 1.02853e-11
0.192, -1.12643e-11
0.193, -1.08589e-11
0.194, 1.06852e-11
0.195, 1.0284e-11
0.196, -1.12657e-11
0.197, -1.08602e-11
0.198, 1.06839e-11
0.199, 1.02829e-11
0.2, -1.12665e-11
0.201, -1.08611e-11
0.202, 1.0683e-11
0.203, 1.0282e-11
0.204, -1.12674e-11
0.205, -1.0862e-11
0.206, 1.06821e-11
0.207, 1.02811e-11
0.208, -1.12683e-11
0.209, -1.08629e-11
0.21, 1.06812e-11
0.211, 1.02802e-11
0.212, -1.12692e-11
0.213, -1.0864e-11
0.214, 1.06801e-11
0.215, 1.02791e-11
0.216, -1.12703e-11
0.217, -1.08649e-11
0.218, 1.06792e-11
0.219, 1.0278e-11
0.22, -1.12714e-11
0.221, -1.0866e-11
0.222, 1.06781e-11
0.223, 1.02769e-11
0.224, -1.12723e-11
0.225, -1.08669e-11
0.226, 1.06772e-11
0.227, 1.0276e-11
0.228, -1.12732e-11
0.229, -1.08678e-11
0.23, 1.06768e-11
0.231, 1.02758e-11
0.232, -1.12734e-11
0.233, -1.0868e-11
0.234, 1.06766e-11
0.235, 1.02756e-11
0.236, -1.12736e-11
0.237, -1.08682e-11
0.238, 1.06763e-11
0.239, 1.02753e-11
0.24, -1.12736e-11
0.241, -1.08682e-11
0.242, 1.06763e-11
0.243, 1.02753e-11
0.244, -1.12736e-11
0.245, -1.08682e-11
0.246, 1.06763e-11
0.247, 1.02753e-11
0.248, -1.12736e-11
0.249, -1.08682e-11
0.25, 1.06763e-11
0.251, 1.02753e-11
0.252, -1.12736e-11
0.253, -1.0868e-11
0.254, 1.06766e-11
0.255, 1.02756e-11
0.256, -1.12734e-11
0.257, -1.0868e-11
0.258, 1.06766e-11
0.259, 1.02756e-11
0.26, -1.12732e-11
0.261, -1.08678e-11
0.262, 1.0677e-11
0.263, 1.0276e-11
0.264, -1.12728e-11
0.265, -1.08673e-11
0.266, 1.06775e-11
0.267, 1.02764e-11
0.268, -1.12723e-11
0.269, -1.08669e-11
0.27, 1.06779e-11
0.271, 1.02769e-11
0.272, -1.12719e-11
0.273, -1.08664e-11
0.274, 1.06783e-11
0.275, 1.02773e-11
0.276, -1.12714e-11
0.277, -1.0866e-11
0.278, 1.0679e-11
0.279, 1.0278e-11
0.28, -1.12708e-11
0.281, -1.08653e-11
0.282, 1.06797e-11
0.283, 1.02787e-11
0.284, -1.12701e-11
0.285, -1.08646e-11
0.286, 1.06803e-11
0.287, 1.02793e-11
0.288, -1.12694e-11
0.289, -1.08638e-11
0.29, 1.06812e-11
0.291, 1.02802e-11
0.292, -1.12685e-11
0.293, -1.08631e-11
0.294, 1.06821e-11
0.295, 1.02811e-11
0.296, -1.12672e-11
0.297, -1.08618e-11
0.298, 1.06837e-11
0.299, 1.02827e-11
0.3, -1.12657e-11
0.301, -1.08602e-11
0.302, 1.06852e-11
0.303, 1.02844e-11
0.304, -1.12639e-11
0.305, -1.08584e-11
0.306, 1.0687e-11
0.307, 1.02862e-11
0.308, -1.12621e-11
0.309, -1.08569e-11
0.31, 1.06886e-11
0.311, 1.02878e-11
0.312, -1.12605e-11
0.313, -1.08553e-11
0.314, 1.06901e-11
0.315, 1.02893e-11
0.316, -1.1259e-11
0.317, -1.08538e-11
0.318, 1.06917e-11
0.319, 1.02907e-11
0.32, -1.12577e-11
0.321, -1.08522e-11
0.322, 1.06932e-11
0.323, 1.02922e-11
0.324, -1.12561e-11
0.325, -1.08507e-11
0.326, 1.06948e-11
0.327, 1.02938e-11
0.328, -1.12543e-11
0.329, -1.08489e-11
0.33, 1.06966e-11
0.331, 1.02955e-11
0.332, -1.12526e-11
0.333, -1.08471e-11
0.334, 1.06988e-11
0.335, 1.0298e-11
0.336, -1.12501e-11
0.337, -1.08447e-11
0.338, 1.07012e-11
0.339, 1.03004e-11
0.34, -1.12477e-11
0.341, -1.08422e-11
0.342, 1.07037e-11
0.343, 1.03029e-11
0.344, -1.12452e-11
0.345, -1.08398e-11
0.346, 1.07061e-11
0.347, 1.03053e-11
0.348, -1.12428e-11
0.349, -1.08373e-11
0.35, 1.07085e-11
0.351, 1.03078e-11
0.352, -1.12401e-11
0.353, -1.08347e-11
0.354, 1.07112e-11
0.355, 1.03104e-11
0.356, -1.12375e-11
0.357, -1.08318e-11
0.358, 1.07141e-11
0.359, 1.03133e-11
0.36, -1.12346e-11
0.361, -1.08289e-11
0.362, 1.0717e-11
0.363, 1.03162e-11
0.364, -1.12315e-11
0.365, -1.08258e-11
0.366, 1.07203e-11
0.367, 1.03195e-11
0.368, -1.12281e-11
0.369, -1.08225e-11
0.37, 1.07236e-11
0.371, 1.03231e-11
0.372, -1.12246e-11
0.373, -1.08191e-11
0.374, 1.0727e-11
0.375, 1.03264e-11
0.376, -1.12212e-11
0.377, -1.08158e-11
0.378, 1.07303e-11
0.379, 1.03297e-11
0.38, -1.12179e-11
0.381, -1.08125e-11
0.382, 1.07336e-11
0.383, 1.03328e-11
0.384, -1.12148e-11
0.385, -1.08094e-11
0.386, 1.07367e-11
0.387, 1.0336e-11
0.388, -1.12117e-11
0.389, -1.0806e-11
0.39, 1.07401e-11
0.391, 1.03393e-11
0.392, -1.12084e-11
0.393, -1.08027e-11
0.394, 1.07434e-11
0.395, 1.03428e-11
0.396, -1.12046e-11
0.397, -1.07989e-11
0.398, 1.07472e-11
0.399, 1.03464e-11
0.4, -1.1201e-11
0.401, -1.07954e-11
0.402, 1.0751e-11
0.403, 1.03504e-11
0.404, -1.1197e-11
0.405, -1.07914e-11
0.406, 1.07552e-11
0.407, 1.03546e-11
0.408, -1.11928e-11
0.409, -1.07871e-11
0.41, 1.07594e-11
0.411, 1.03588e-11
0.412, -1.11886e-11
0.413, -1.07829e-11
0.414, 1.07636e-11
0.415, 1.0363e-11
0.416, -1.11844e-11
0.417, -1.07787e-11
0.418, 1.07678e-11
0.419, 1.03673e-11
0.42, -1.11802e-11
0.421, -1.07745e-11
0.422, 1.0772e-11
0.423, 1.03715e-11
0.424, -1.11757e-11
0.425, -1.07698e-11
0.426, 1.07767e-11
0.427, 1.03761e-11
0.428, -1.11713e-11
0.429, -1.07654e-11
0.43, 1.07812e-11
0.431, 1.03806e-11
0.432, -1.11664e-11
0.433, -1.07605e-11
0.434, 1.0786e-11
0.435, 1.03855e-11
0.436, -1.11615e-11
0.437, -1.07556e-11
0.438, 1.07909e-11
0.439, 1.03908e-11
0.44, -1.11562e-11
0.441, -1.07503e-11
0.442, 1.07963e-11
0.443, 1.03961e-11
0.444, -1.11511e-11
0.445, -1.07452e-11
0.446, 1.08014e-11
0.447, 1.04012e-11
0.448, -1.11458e-11
0.449, -1.07399e-11
0.45, 1.08067e-11
0.451, 1.04063e-11
0.452, -1.11404e-11
0.453, -1.07347e-11
0.454, 1.08118e-11
0.455, 1.04114e-11
0.456, -1.11353e-11
0.457, -1.07296e-11
0.458, 1.08169e-11
0.459, 1.04166e-11
0.46, -1.11302e-11
0.461, -1.07243e-11
0.462, 1.08222e-11
0.463, 1.04219e-11
0.464, -1.11249e-11
0.465, -1.0719e-11
0.466, 1.08276e-11
0.467, 1.04272e-11
0.468, -1.11193e-11
0.469, -1.07134e-11
0.47, 1.08333e-11
0.471, 1.04328e-11
0.472, -1.11138e-11
0.473, -1.07079e-11
0.474, 1.08389e-11
0.475, 1.04385e-11
0.476, -1.1108e-11
0.477, -1.07021e-11
0.478, 1.08447e-11
0.479, 1.04445e-11
0.48, -1.1102e-11
0.481, -1.06961e-11
0.482, 1.08507e-11
0.483, 1.04503e-11
0.484, -1.10962e-11
0.485, -1.06903e-11
0.486, 1.08564e-11
0.487, 1.04561e-11
0.488, -1.10905e-11
0.489, -1.06846e-11
0.49, 1.08622e-11
0.491, 1.04621e-11
0.492, -1.10845e-11
0.493, -1.06783e-11
0.494, 1.08686e-11
0.495, 1.04683e-11
0.496, -1.10782e-11
0.497, -1.06721e-11
0.498, 1.08749e-11
0.499, 1.04745e-11
0.5, -1.1072e-11
0.501, -1.06659e-11
0.502, 1.08811e-11
0.503, 1.04807e-11
0.504, -1.10656e-11
0.505, -1.06595e-11
0.506, 1.08877e-11
0.507, 1.04876e-11
0.508, -1.10589e-11
0.509, -1.06526e-11
0.51, 1.08946e-11
0.511, 1.04945e-11
0.512, -1.1052e-11
0.513, -1.06457e-11
0.514, 1.09015e-11
0.515, 1.05014e-11
0.516, -1.10452e-11
0.517, -1.06388e-11
0.518, 1.09084e-11
0.519, 1.05083e-11
0.52, -1.10383e-11
0.521, -1.06319e-11
0.522, 1.09153e-11
0.523, 1.05151e-11
0.524, -1.10314e-11
0.525, -1.06251e-11
0.526, 1.09222e-11
0.527, 1.0522e-11
0.528, -1.10245e-11
0.529, -1.0618e-11
0.53, 1.09293e-11
0.531, 1.05291e-11
0.532, -1.10172e-11
0.533, -1.06106e-11
0.534, 1.09366e-11
0.535, 1.05365e-11
0.536, -1.10099e-11
0.537, -1.06033e-11
0.538, 1.09439e-11
0.539, 1.05438e-11
0.54, -1.10023e-11
0.541, -1.05957e-11
0.542, 1.09517e-11
0.543, 1.05518e-11
0.544, -1.09945e-11
0.545, -1.0588e-11
0.546, 1.09595e-11
0.547, 1.05596e-11
0.548, -1.09865e-11
0.549, -1.058e-11
0.55, 1.09674e-11
0.551, 1.05675e-11
0.552, -1.09788e-11
0.553, -1.05722e-11
0.554, 1.09752e-11
0.555, 1.05753e-11
0.556, -1.09708e-11
0.557, -1.05642e-11
0.558, 1.09832e-11
0.559, 1.05833e-11
0.56, -1.0963e-11
0.561, -1.05562e-11
0.562, 1.09912e-11
0.563, 1.05913e-11
0.564, -1.09548e-11
0.565, -1.05482e-11
0.566, 1.09992e-11
0.567, 1.05993e-11
0.568, -1.09468e-11
0.569, -1.05402e-11
0.57, 1.10072e-11
0.571, 1.06073e-11
0.572, -1.09386e-11
0.573, -1.0532e-11
0.574, 1.10154e-11
0.575, 1.06157e-11
0.576, -1.09301e-11
0.577, -1.05236e-11
0.578, 1.10241e-11
0.579, 1.06244e-11
0.58, -1.09215e-11
0.581, -1.05149e-11
0.582, 1.10327e-11
0.583, 1.0633e-11
0.584, -1.09128e-11
0.585, -1.05063e-11
0.586, 1.10414e-11
0.587, 1.06417e-11
0.588, -1.09042e-11
0.589, -1.04976e-11
0.59, 1.105e-11
0.591, 1.06501e-11
0.592, -1.08957e-11
0.593, -1.04892e-11
0.594, 1.10585e-11
0.595, 1.06588e-11
0.596, -1.08871e-11
0.597, -1.04803e-11
0.598, 1.10674e-11
0.599, 1.06677e-11
0.6, -1.08782e-11
0.601, -1.04714e-11
0.602, 1.10763e-11
0.603, 1.06763e-11
0.604, -1.08695e-11
0.605, -1.04627e-11
0.606, 1.10849e-11
0.607, 1.0685e-11
0.608, -1.08606e-11
0.609, -1.04539e-11
0.61, 1.1094e-11
0.611, 1.06946e-11
0.612, -1.08511e-11
0.613, -1.04443e-11
0.614, 1.11036e-11
0.615, 1.07041e-11
0.616, -1.08415e-11
0.617, -1.04348e-11
0.618, 1.11131e-11
0.619, 1.07134e-11
0.62, -1.08322e-11
0.621, -1.04254e-11
0.622, 1.11224e-11
0.623, 1.0723e-11
0.624, -1.08227e-11
0.625, -1.04159e-11
0.626, 1.11322e-11
0.627, 1.07325e-11
0.628, -1.08131e-11
0.629, -1.04063e-11
0.63, 1.11418e-11
0.631, 1.07421e-11
0.632, -1.08036e-11
0.633, -1.03966e-11
0.634, 1.11515e-11
0.635, 1.07518e-11
0.636, -1.07938e-11
0.637, -1.03868e-11
0.638, 1.11613e-11
0.639, 1.07616e-11
0.64, -1.07838e-11
0.641, -1.03768e-11
0.642, 1.11713e-11
0.643, 1.07716e-11
0.644, -1.07738e-11
0.645, -1.03668e-11
0.646, 1.11815e-11
0.647, 1.0782e-11
0.648, -1.07634e-11
0.649, -1.03564e-11
0.65, 1.11919e-11
0.651, 1.07925e-11
0.652, -1.0753e-11
0.653, -1.03459e-11
0.654, 1.12024e-11
0.655, 1.08029e-11
0.656, -1.07425e-11
0.657, -1.03355e-11
0.658, 1.12128e-11
0.659, 1.08134e-11
0.66, -1.07321e-11
0.661, -1.03251e-11
0.662, 1.12232e-11
0.663, 1.08238e-11
0.664, -1.07216e-11
0.665, -1.03144e-11
0.666, 1.12339e-11
0.667, 1.08344e-11
0.668, -1.0711e-11
0.669, -1.03038e-11
0.67, 1.12446e-11
0.671, 1.08451e-11
0.672, -1.07003e-11
0.673, -1.02931e-11
0.674, 1.12552e-11
0.675, 1.08558e-11
0.676, -1.06894e-11
0.677, -1.02822e-11
0.678, 1.12661e-11
0.679, 1.08669e-11
0.68, -1.06783e-11
0.681, -1.02711e-11
0.682, 1.12774e-11
0.683, 1.08782e-11
0.684, -1.06668e-11
0.685, -1.02596e-11
0.686, 1.1289e-11
0.687, 1.08897e-11
0.688, -1.06555e-11
0.689, -1.02482e-11
0.69, 1.13003e-11
0.691, 1.09011e-11
0.692, -1.06442e-11
0.693, -1.02369e-11
0.694, 1.13116e-11
0.695, 1.09124e-11
0.696, -1.06328e-11
0.697, -1.02256e-11
0.698, 1.13229e-11
0.699, 1.09237e-11
0.7, -1.06213e-11
0.701, -1.02138e-11
0.702, 1.13347e-11
0.703, 1.09355e-11
0.704, -1.06097e-11
0.705, -1.02023e-11
0.706, 1.13463e-11
0.707, 1.0947e-11
0.708, -1.05982e-11
0.709, -1.01907e-11
0.71, 1.13578e-11
0.711, 1.09586e-11
0.712, -1.05862e-11
0.713, -1.01787e-11
0.714, 1.13698e-11
0.715, 1.09708e-11
0.716, -1.05742e-11
0.717, -1.01668e-11
0.718, 1.1382e-11
0.719, 1.0983e-11
0.72, -1.0562e-11
0.721, -1.01545e-11
0.722, 1.13942e-11
0.723, 1.09952e-11
0.724, -1.05496e-11
0.725, -1.01421e-11
0.726, 1.14067e-11
0.727, 1.10076e-11
0.728, -1.05373e-11
0.729, -1.01299e-11
0.73, 1.14189e-11
0.731, 1.10199e-11
0.732, -1.05251e-11
0.733, -1.01177e-11
0.734, 1.14311e-11
0.735, 1.10321e-11
0.736, -1.05129e-11
0.737, -1.01052e-11
0.738, 1.14435e-11
0.739, 1.10445e-11
0.74, -1.05003e-11
0.741, -1.00928e-11
0.742, 1.14559e-11
0.743, 1.10569e-11
0.744, -1.04876e-11
0.745, -1.00802e-11
0.746, 1.14686e-11
0.747, 1.10696e-11
0.748, -1.0475e-11
0.749, -1.00675e-11
0.75, 1.14815e-11
0.751, 1.10827e-11
0.752, -1.04619e-11
0.753, -1.00544e-11
0.754, 1.14946e-11
0.755, 1.10958e-11
0.756, -1.04488e-11
0.757, -1.00413e-11
0.758, 1.15077e-11
0.759, 1.11089e-11
0.76, -1.04357e-11
0.761, -1.00282e-11
0.762, 1.15208e-11
0.763, 1.1122e-11
0.764, -1.04226e-11
0.765, -1.00151e-11
0.766, 1.15339e-11
0.767, 1.11351e-11
0.768, -1.04095e-11
0.769, -1.0002e-11
0.77, 1.1547e-11
0.771, 1.11482e-11
0.772, -1.03964e-11
0.773, -9.98868e-12
0.774, 1.15603e-11
0.775, 1.11615e-11
0.776, -1.0383e-11
0.777, -9.97535e-12
0.778, 1.15736e-11
0.779, 1.11748e-11
0.78, -1.03697e-11
0.781, -9.96203e-12
0.782, 1.1587e-11
0.783, 1.11882e-11
0.784, -1.03562e-11
0.785, -9.94849e-12
0.786, 1.16007e-11
0.787, 1.12022e-11
0.788, -1.03422e-11
0.789, -9.9345e-12
0.79, 1.16147e-11
0.791, 1.12161e-11
0.792, -1.03282e-11
0.793, -9.92051e-12
0.794, 1.16287e-11
0.795, 1.12301e-11
0.796, -1.03142e-11
0.797, -9.90652e-12
0.798, 1.16427e-11
0.799, 1.12439e-11
0.8, -1.03004e-11
0.801, -9.89275e-12
0.802, 1.16565e-11
0.803, 1.12579e-11
0.804, -1.02864e-11
0.805, -9.87876e-12
0.806, 1.16704e-11
0.807, 1.12719e-11
0.808, -1.02724e-11
0.809, -9.86455e-12
0.81, 1.16847e-11
0.811, 1.12861e-11
0.812, -1.02582e-11
0.813, -9.85034e-12
0.814, 1.16989e-11
0.815, 1.13001e-11
0.816, -1.0244e-11
0.817, -9.83613e-12
0.818, 1.17131e-11
0.819, 1.13145e-11
0.82, -1.02296e-11
0.821, -9.8217e-12
0.822, 1.17277e-11
0.823, 1.13294e-11
0.824, -1.02147e-11
0.825, -9.80682e-12
0.826, 1.17426e-11
0.827, 1.13443e-11
0.828, -1.01998e-11
0.829, -9.79195e-12
0.83, 1.17575e-11
0.831, 1.13591e-11
0.832, -1.0185e-11
0.833, -9.77707e-12
0.834, 1.17724e-11
0.835, 1.13738e-11
0.836, -1.01703e-11
0.837, -9.76241e-12
0.838, 1.1787e-11
0.839, 1.13887e-11
0.84, -1.01554e-11
0.841, -9.74731e-12
0.842, 1.18021e-11
0.843, 1.14038e-11
0.844, -1.01403e-11
0.845, -9.73222e-12
0.846, 1.18172e-11
0.847, 1.14189e-11
0.848, -1.01252e-11
0.849, -9.71712e-12
0.85, 1.18323e-11
0.851, 1.1434e-11
0.852, -1.01099e-11
0.853, -9.70179e-12
0.854, 1.18476e-11
0.855, 1.14491e-11
0.856, -1.00948e-11
0.857, -9.6867e-12
0.858, 1.1863e-11
0.859, 1.14648e-11
0.86, -1.0079e-11
0.861, -9.67093e-12
0.862, 1.18787e-11
0.863, 1.14806e-11
0.864, -1.00633e-11
0.865, -9.65517e-12
0.866, 1.18947e-11
0.867, 1.14964e-11
0.868, -1.00475e-11
0.869, -9.6394e-12
0.87, 1.19105e-11
0.871, 1.15121e-11
0.872, -1.00318e-11
0.873, -9.62364e-12
0.874, 1.19262e-11
0.875, 1.15279e-11
0.876, -1.0016e-11
0.877, -9.60765e-12
0.878, 1.19422e-11
0.879, 1.15439e-11
0.88, -1e-11
0.881, -9.59166e-12
0.882, 1.19582e-11
0.883, 1.15599e-11
0.884, -9.98401e-12
0.885, -9.57567e-12
0.886, 1.19742e-11
0.887, 1.15759e-11
0.888, -9.9678e-12
0.889, -9.55946e-12
0.89, 1.19904e-11
0.891, 1.15923e-11
0.892, -9.95137e-12
0.893, -9.54303e-12
0.894, 1.20071e-11
0.895, 1.16089e-11
0.896, -9.93472e-12
0.897, -9.52638e-12
0.898, 1.20237e-11
0.899, 1.16256e-11
0.9, -9.91807e-12
0.901, -9.50973e-12
0.902, 1.20404e-11
0.903, 1.16422e-11
0.904, -9.90141e-12
0.905, -9.49307e-12
0.906, 1.2057e-11
0.907, 1.16589e-11
0.908, -9.88476e-12
0.909, -9.47642e-12
0.91, 1.20737e-11
0.911, 1.16755e-11
0.912, -9.86811e-12
0.913, -9.45954e-12
0.914, 1.20906e-11
0.915, 1.16924e-11
0.916, -9.85123e-12
0.917, -9.44267e-12
0.918, 1.21074e-11
0.919, 1.17093e-11
0.92, -9.83436e-12
0.921, -9.42579e-12
0.922, 1.21243e-11
0.923, 1.17262e-11
0.924, -9.81726e-12
0.925, -9.4087e-12
0.926, 1.21414e-11
0.927, 1.17435e-11
0.928, -9.79994e-12
0.929, -9.39138e-12
0.93, 1.21589e-11
0.931, 1.1761e-11
0.932, -9.7824e-12
0.933, -9.37384e-12
0.934, 1.21765e-11
0.935, 1.17786e-11
0.936, -9.76486e-12
0.937, -9.35629e-12
0.938, 1.2194e-11
0.939, 1.17961e-11
0.94, -9.74731e-12
0.941, -9.33875e-12
0.942, 1.22116e-11
0.943, 1.18137e-11
0.944, -9.72977e-12
0.945, -9.32121e-12
0.946, 1.22291e-11
0.947, 1.18312e-11
0.948, -9.71223e-12
0.949, -9.30345e-12
0.95, 1.22469e-11
0.951, 1.1849e-11
0.952, -9.69447e-12
0.953, -9.28568e-12
0.954, 1.22646e-11
0.955, 1.18667e-11
0.956, -9.6767e-12
0.957, -9.26792e-12
0.958, 1.22824e-11
0.959, 1.18845e-11
0.96, -9.65872e-12
0.961, -9.24993e-12
0.962, 1.23006e-11
0.963, 1.19029e-11
0.964, -9.64029e-12
0.965, -9.2315e-12
0.966, 1.2319e-11
0.967, 1.19214e-11
0.968, -9.62186e-12
0.969, -9.21307e-12
0.97, 1.23375e-11
0.971, 1.19398e-11
0.972, -9.60343e-12
0.973, -9.19465e-12
0.974, 1.23559e-11
0.975, 1.19582e-11
0.976, -9.585e-12
0.977, -9.17622e-12
0.978, 1.23743e-11
0.979, 1.19766e-11
0.98, -9.56657e-12
0.981, -9.15779e-12
0.982, 1.23928e-11
0.983, 1.19951e-11
0.984, -9.54814e-12
0.985, -9.13913e-12
0.986, 1.24114e-11
0.987, 1.20137e-11
0.988, -9.52949e-12
0.989, -9.12048e-12
0.99, 1.24301e-11
0.991, 1.20324e-11
0.992, -9.51084e-12
0.993, -9.10183e-12
0.994, 1.24487e-11
0.995, 1.2051e-11
0.996, -9.49196e-12
0.997, -9.08296e-12
0.998, 1.24678e-11
0.999, 1.20703e-11
1, -9.47264e-12
1.001, -9.06364e-12
1.002, 1.24871e-11
1.003, 1.20897e-11
1.004, -9.45333e-12
1.005, -9.04432e-12
1.006, 1.25064e-11
1.007, 1.2109e-11
1.008, -9.43401e-12
1.009, -9.025e-12
1.01, 1.25258e-11
1.011, 1.21283e-11
1.012, -9.41447e-12
1.013, -9.00546e-12
1.014, 1.25453e-11
1.015, 1.21478e-11
1.016, -9.39515e-12
1.017, -8.98615e-12
1.018, 1.25646e-11
1.019, 1.21672e-11
1.02, -9.37583e-12
1.021, -8.96661e-12
1.022, 1.25842e-11
1.023, 1.21867e-11
1.024, -9.35629e-12
1.025, -8.94707e-12
1.026, 1.26037e-11
1.027, 1.22062e-11
1.028, -9.33675e-12
1.029, -8.92753e-12
1.03, 1.26232e-11
1.031, 1.22258e-11
1.032, -9.31699e-12
1.033, -8.90776e-12
1.034, 1.26432e-11
1.035, 1.2246e-11
1.036, -9.29679e-12
1.037, -8.88756e-12
1.038, 1.26634e-11
1.039, 1.22662e-11
1.04, -9.27658e-12
1.041, -8.86735e-12
1.042, 1.26836e-11
1.043, 1.22864e-11
1.044, -9.25637e-12
1.045, -8.84715e-12
1.046, 1.27038e-11
1.047, 1.23066e-11
1.048, -9.23617e-12
1.049, -8.82694e-12
1.05, 1.2724e-11
1.051, 1.23268e-11
1.052, -9.21574e-12
1.053, -8.80651e-12
1.054, 1.27445e-11
1.055, 1.23472e-11
1.056, -9.19553e-12
1.057, -8.78608e-12
1.058, 1.27649e-11
1.059, 1.23677e-11
1.06, -9.17511e-12
1.061, -8.76565e-12
1.062, 1.27853e-11
1.063, 1.23881e-11
1.064, -9.15445e-12
1.065, -8.745e-12
1.066, 1.2806e-11
1.067, 1.24087e-11
1.068, -9.1338e-12
1.069, -8.72435e-12
1.07, 1.28269e-11
1.071, 1.24298e-11
1.072, -9.11271e-12
1.073, -8.70326e-12
1.074, 1.28479e-11
1.075, 1.24509e-11
1.076, -9.09162e-12
1.077, -8.68217e-12
1.078, 1.2869e-11
1.079, 1.2472e-11
1.08, -9.07052e-12
1.081, -8.66107e-12
1.082, 1.28901e-11
1.083, 1.24931e-11
1.084, -9.04943e-12
1.085, -8.63998e-12
1.086, 1.29112e-11
1.087, 1.25142e-11
1.088, -9.02833e-12
1.089, -8.61888e-12
1.09, 1.29323e-11
1.091, 1.25353e-11
1.092, -9.00724e-12
1.093, -8.59757e-12
1.094, 1.29536e-11
1.095, 1.25566e-11
1.096, -8.98592e-12
1.097, -8.57625e-12
1.098, 1.2975e-11
1.099, 1.25779e-11
1.1, -8.96416e-12
1.101, -8.55449e-12
1.102, 1.29967e-11
1.103, 1.25997e-11
1.104, -8.94262e-12
1.105, -8.53295e-12
1.106, 1.30185e-11
1.107, 1.26217e-11
1.108, -8.92064e-12
1.109, -8.51097e-12
1.11, 1.30405e-11
1.111, 1.26437e-11
1.112, -8.89866e-12
1.113, -8.48899e-12
1.114, 1.30624e-11
1.115, 1.26656e-11
1.116, -8.87668e-12
1.117, -8.467e-12
1.118, 1.30844e-11
1.119, 1.26876e-11
1.12, -8.85469e-12
1.121, -8.44502e-12
1.122, 1.31064e-11
1.123, 1.27096e-11
1.124, -8.83271e-12
1.125, -8.42304e-12
1.126, 1.31284e-11
1.127, 1.27316e-11
1.128, -8.81073e-12
1.129, -8.40084e-12
1.13, 1.31506e-11
1.131, 1.27538e-11
1.132, -8.78853e-12
1.133, -8.37863e-12
1.134, 1.31728e-11
1.135, 1.2776e-11
1.136, -8.7661e-12
1.137, -8.3562e-12
1.138, 1.31952e-11
1.139, 1.27984e-11
1.14, -8.74367e-12
1.141, -8.33378e-12
1.142, 1.32179e-11
1.143, 1.28213e-11
1.144, -8.7208e-12
1.145, -8.31091e-12
1.146, 1.32407e-11
1.147, 1.28442e-11
1.148, -8.69793e-12
1.149, -8.28804e-12
1.15, 1.32636e-11
1.151, 1.2867e-11
1.152, -8.67484e-12
1.153, -8.26494e-12
